SET ANSI_NULLS ON
GO
SET QUOTED_IDENTIFIER ON
GO
CREATE TABLE [dbo].[cmsContent](
	[pk] [int] IDENTITY(1,1) NOT NULL,
	[nodeId] [int] NOT NULL,
	[contentType] [int] NOT NULL,
 CONSTRAINT [PK_cmsContent] PRIMARY KEY CLUSTERED 
(
	[pk] ASC
)WITH (PAD_INDEX = OFF, STATISTICS_NORECOMPUTE = OFF, IGNORE_DUP_KEY = OFF, ALLOW_ROW_LOCKS = ON, ALLOW_PAGE_LOCKS = ON)
)

GO
SET ANSI_NULLS ON
GO
SET QUOTED_IDENTIFIER ON
GO
CREATE TABLE [dbo].[cmsContentType](
	[pk] [int] IDENTITY(1,1) NOT NULL,
	[nodeId] [int] NOT NULL,
	[alias] [nvarchar](255) COLLATE Latin1_General_CI_AS NULL,
	[icon] [nvarchar](255) COLLATE Latin1_General_CI_AS NULL,
	[thumbnail] [nvarchar](255) COLLATE Latin1_General_CI_AS NOT NULL CONSTRAINT [DF_cmsContentType_thumbnail]  DEFAULT ('folder.png'),
	[description] [nvarchar](1500) COLLATE Latin1_General_CI_AS NULL,
	[isContainer] [bit] NOT NULL CONSTRAINT [DF_cmsContentType_isContainer]  DEFAULT ('0'),
	[allowAtRoot] [bit] NOT NULL CONSTRAINT [DF_cmsContentType_allowAtRoot]  DEFAULT ('0'),
 CONSTRAINT [PK_cmsContentType] PRIMARY KEY CLUSTERED 
(
	[pk] ASC
)WITH (PAD_INDEX = OFF, STATISTICS_NORECOMPUTE = OFF, IGNORE_DUP_KEY = OFF, ALLOW_ROW_LOCKS = ON, ALLOW_PAGE_LOCKS = ON)
)

GO
SET ANSI_NULLS ON
GO
SET QUOTED_IDENTIFIER ON
GO
CREATE TABLE [dbo].[cmsContentType2ContentType](
	[parentContentTypeId] [int] NOT NULL,
	[childContentTypeId] [int] NOT NULL,
 CONSTRAINT [PK_cmsContentType2ContentType] PRIMARY KEY CLUSTERED 
(
	[parentContentTypeId] ASC,
	[childContentTypeId] ASC
)WITH (PAD_INDEX = OFF, STATISTICS_NORECOMPUTE = OFF, IGNORE_DUP_KEY = OFF, ALLOW_ROW_LOCKS = ON, ALLOW_PAGE_LOCKS = ON)
)

GO
SET ANSI_NULLS ON
GO
SET QUOTED_IDENTIFIER ON
GO
CREATE TABLE [dbo].[cmsContentTypeAllowedContentType](
	[Id] [int] NOT NULL,
	[AllowedId] [int] NOT NULL,
	[SortOrder] [int] NOT NULL CONSTRAINT [df_cmsContentTypeAllowedContentType_sortOrder]  DEFAULT ('0'),
 CONSTRAINT [PK_cmsContentTypeAllowedContentType] PRIMARY KEY CLUSTERED 
(
	[Id] ASC,
	[AllowedId] ASC
)WITH (PAD_INDEX = OFF, STATISTICS_NORECOMPUTE = OFF, IGNORE_DUP_KEY = OFF, ALLOW_ROW_LOCKS = ON, ALLOW_PAGE_LOCKS = ON)
)

GO
SET ANSI_NULLS ON
GO
SET QUOTED_IDENTIFIER ON
GO
CREATE TABLE [dbo].[cmsContentVersion](
	[id] [int] IDENTITY(1,1) NOT NULL,
	[ContentId] [int] NOT NULL,
	[VersionId] [uniqueidentifier] NOT NULL,
	[VersionDate] [datetime] NOT NULL CONSTRAINT [DF_cmsContentVersion_VersionDate]  DEFAULT (getdate()),
 CONSTRAINT [PK_cmsContentVersion] PRIMARY KEY CLUSTERED 
(
	[id] ASC
)WITH (PAD_INDEX = OFF, STATISTICS_NORECOMPUTE = OFF, IGNORE_DUP_KEY = OFF, ALLOW_ROW_LOCKS = ON, ALLOW_PAGE_LOCKS = ON)
)

GO
SET ANSI_NULLS ON
GO
SET QUOTED_IDENTIFIER ON
GO
CREATE TABLE [dbo].[cmsContentXml](
	[nodeId] [int] NOT NULL,
	[xml] [ntext] COLLATE Latin1_General_CI_AS NOT NULL,
 CONSTRAINT [PK_cmsContentXml] PRIMARY KEY CLUSTERED 
(
	[nodeId] ASC
)WITH (PAD_INDEX = OFF, STATISTICS_NORECOMPUTE = OFF, IGNORE_DUP_KEY = OFF, ALLOW_ROW_LOCKS = ON, ALLOW_PAGE_LOCKS = ON)
)

GO
SET ANSI_NULLS ON
GO
SET QUOTED_IDENTIFIER ON
GO
CREATE TABLE [dbo].[cmsDataType](
	[pk] [int] IDENTITY(1,1) NOT NULL,
	[nodeId] [int] NOT NULL,
	[propertyEditorAlias] [nvarchar](255) COLLATE Latin1_General_CI_AS NOT NULL,
	[dbType] [nvarchar](50) COLLATE Latin1_General_CI_AS NOT NULL,
 CONSTRAINT [PK_cmsDataType] PRIMARY KEY CLUSTERED 
(
	[pk] ASC
)WITH (PAD_INDEX = OFF, STATISTICS_NORECOMPUTE = OFF, IGNORE_DUP_KEY = OFF, ALLOW_ROW_LOCKS = ON, ALLOW_PAGE_LOCKS = ON)
)

GO
SET ANSI_NULLS ON
GO
SET QUOTED_IDENTIFIER ON
GO
CREATE TABLE [dbo].[cmsDataTypePreValues](
	[id] [int] IDENTITY(1,1) NOT NULL,
	[datatypeNodeId] [int] NOT NULL,
	[value] [ntext] COLLATE Latin1_General_CI_AS NULL,
	[sortorder] [int] NOT NULL,
	[alias] [nvarchar](50) COLLATE Latin1_General_CI_AS NULL,
 CONSTRAINT [PK_cmsDataTypePreValues] PRIMARY KEY CLUSTERED 
(
	[id] ASC
)WITH (PAD_INDEX = OFF, STATISTICS_NORECOMPUTE = OFF, IGNORE_DUP_KEY = OFF, ALLOW_ROW_LOCKS = ON, ALLOW_PAGE_LOCKS = ON)
)

GO
SET ANSI_NULLS ON
GO
SET QUOTED_IDENTIFIER ON
GO
CREATE TABLE [dbo].[cmsDictionary](
	[pk] [int] IDENTITY(1,1) NOT NULL,
	[id] [uniqueidentifier] NOT NULL,
	[parent] [uniqueidentifier] NULL,
	[key] [nvarchar](1000) COLLATE Latin1_General_CI_AS NOT NULL,
 CONSTRAINT [PK_cmsDictionary] PRIMARY KEY CLUSTERED 
(
	[pk] ASC
)WITH (PAD_INDEX = OFF, STATISTICS_NORECOMPUTE = OFF, IGNORE_DUP_KEY = OFF, ALLOW_ROW_LOCKS = ON, ALLOW_PAGE_LOCKS = ON)
)

GO
SET ANSI_NULLS ON
GO
SET QUOTED_IDENTIFIER ON
GO
CREATE TABLE [dbo].[cmsDocument](
	[nodeId] [int] NOT NULL,
	[published] [bit] NOT NULL,
	[documentUser] [int] NOT NULL,
	[versionId] [uniqueidentifier] NOT NULL,
	[text] [nvarchar](255) COLLATE Latin1_General_CI_AS NOT NULL,
	[releaseDate] [datetime] NULL,
	[expireDate] [datetime] NULL,
	[updateDate] [datetime] NOT NULL CONSTRAINT [DF_cmsDocument_updateDate]  DEFAULT (getdate()),
	[templateId] [int] NULL,
	[newest] [bit] NOT NULL CONSTRAINT [DF_cmsDocument_newest]  DEFAULT ('0'),
 CONSTRAINT [PK_cmsDocument] PRIMARY KEY CLUSTERED 
(
	[versionId] ASC
)WITH (PAD_INDEX = OFF, STATISTICS_NORECOMPUTE = OFF, IGNORE_DUP_KEY = OFF, ALLOW_ROW_LOCKS = ON, ALLOW_PAGE_LOCKS = ON)
)

GO
SET ANSI_NULLS ON
GO
SET QUOTED_IDENTIFIER ON
GO
CREATE TABLE [dbo].[cmsDocumentType](
	[contentTypeNodeId] [int] NOT NULL,
	[templateNodeId] [int] NOT NULL,
	[IsDefault] [bit] NOT NULL CONSTRAINT [DF_cmsDocumentType_IsDefault]  DEFAULT ('0'),
 CONSTRAINT [PK_cmsDocumentType] PRIMARY KEY CLUSTERED 
(
	[contentTypeNodeId] ASC,
	[templateNodeId] ASC
)WITH (PAD_INDEX = OFF, STATISTICS_NORECOMPUTE = OFF, IGNORE_DUP_KEY = OFF, ALLOW_ROW_LOCKS = ON, ALLOW_PAGE_LOCKS = ON)
)

GO
SET ANSI_NULLS ON
GO
SET QUOTED_IDENTIFIER ON
GO
CREATE TABLE [dbo].[cmsLanguageText](
	[pk] [int] IDENTITY(1,1) NOT NULL,
	[languageId] [int] NOT NULL,
	[UniqueId] [uniqueidentifier] NOT NULL,
	[value] [nvarchar](1000) COLLATE Latin1_General_CI_AS NOT NULL,
 CONSTRAINT [PK_cmsLanguageText] PRIMARY KEY CLUSTERED 
(
	[pk] ASC
)WITH (PAD_INDEX = OFF, STATISTICS_NORECOMPUTE = OFF, IGNORE_DUP_KEY = OFF, ALLOW_ROW_LOCKS = ON, ALLOW_PAGE_LOCKS = ON)
)

GO
SET ANSI_NULLS ON
GO
SET QUOTED_IDENTIFIER ON
GO
CREATE TABLE [dbo].[cmsMacro](
	[id] [int] IDENTITY(1,1) NOT NULL,
	[macroUseInEditor] [bit] NOT NULL,
	[macroRefreshRate] [int] NOT NULL,
	[macroAlias] [nvarchar](255) COLLATE Latin1_General_CI_AS NOT NULL,
	[macroName] [nvarchar](255) COLLATE Latin1_General_CI_AS NULL,
	[macroScriptType] [nvarchar](255) COLLATE Latin1_General_CI_AS NULL,
	[macroScriptAssembly] [nvarchar](255) COLLATE Latin1_General_CI_AS NULL,
	[macroXSLT] [nvarchar](255) COLLATE Latin1_General_CI_AS NULL,
	[macroCacheByPage] [bit] NOT NULL,
	[macroCachePersonalized] [bit] NOT NULL,
	[macroDontRender] [bit] NOT NULL,
	[macroPython] [nvarchar](255) COLLATE Latin1_General_CI_AS NULL,
 CONSTRAINT [PK_cmsMacro] PRIMARY KEY CLUSTERED 
(
	[id] ASC
)WITH (PAD_INDEX = OFF, STATISTICS_NORECOMPUTE = OFF, IGNORE_DUP_KEY = OFF, ALLOW_ROW_LOCKS = ON, ALLOW_PAGE_LOCKS = ON)
)

GO
SET ANSI_NULLS ON
GO
SET QUOTED_IDENTIFIER ON
GO
CREATE TABLE [dbo].[cmsMacroProperty](
	[id] [int] IDENTITY(1,1) NOT NULL,
	[editorAlias] [nvarchar](255) COLLATE Latin1_General_CI_AS NOT NULL,
	[macro] [int] NOT NULL,
	[macroPropertySortOrder] [int] NOT NULL,
	[macroPropertyAlias] [nvarchar](50) COLLATE Latin1_General_CI_AS NOT NULL,
	[macroPropertyName] [nvarchar](255) COLLATE Latin1_General_CI_AS NOT NULL,
 CONSTRAINT [PK_cmsMacroProperty] PRIMARY KEY CLUSTERED 
(
	[id] ASC
)WITH (PAD_INDEX = OFF, STATISTICS_NORECOMPUTE = OFF, IGNORE_DUP_KEY = OFF, ALLOW_ROW_LOCKS = ON, ALLOW_PAGE_LOCKS = ON)
)

GO
SET ANSI_NULLS ON
GO
SET QUOTED_IDENTIFIER ON
GO
CREATE TABLE [dbo].[cmsMember](
	[nodeId] [int] NOT NULL,
	[Email] [nvarchar](1000) COLLATE Latin1_General_CI_AS NOT NULL,
	[LoginName] [nvarchar](1000) COLLATE Latin1_General_CI_AS NOT NULL,
	[Password] [nvarchar](1000) COLLATE Latin1_General_CI_AS NOT NULL,
 CONSTRAINT [PK_cmsMember] PRIMARY KEY CLUSTERED 
(
	[nodeId] ASC
)WITH (PAD_INDEX = OFF, STATISTICS_NORECOMPUTE = OFF, IGNORE_DUP_KEY = OFF, ALLOW_ROW_LOCKS = ON, ALLOW_PAGE_LOCKS = ON)
)

GO
SET ANSI_NULLS ON
GO
SET QUOTED_IDENTIFIER ON
GO
CREATE TABLE [dbo].[cmsMember2MemberGroup](
	[Member] [int] NOT NULL,
	[MemberGroup] [int] NOT NULL,
 CONSTRAINT [PK_cmsMember2MemberGroup] PRIMARY KEY CLUSTERED 
(
	[Member] ASC,
	[MemberGroup] ASC
)WITH (PAD_INDEX = OFF, STATISTICS_NORECOMPUTE = OFF, IGNORE_DUP_KEY = OFF, ALLOW_ROW_LOCKS = ON, ALLOW_PAGE_LOCKS = ON)
)

GO
SET ANSI_NULLS ON
GO
SET QUOTED_IDENTIFIER ON
GO
CREATE TABLE [dbo].[cmsMemberType](
	[pk] [int] IDENTITY(1,1) NOT NULL,
	[NodeId] [int] NOT NULL,
	[propertytypeId] [int] NOT NULL,
	[memberCanEdit] [bit] NOT NULL,
	[viewOnProfile] [bit] NOT NULL,
 CONSTRAINT [PK_cmsMemberType] PRIMARY KEY CLUSTERED 
(
	[pk] ASC
)WITH (PAD_INDEX = OFF, STATISTICS_NORECOMPUTE = OFF, IGNORE_DUP_KEY = OFF, ALLOW_ROW_LOCKS = ON, ALLOW_PAGE_LOCKS = ON)
)

GO
SET ANSI_NULLS ON
GO
SET QUOTED_IDENTIFIER ON
GO
CREATE TABLE [dbo].[cmsPreviewXml](
	[nodeId] [int] NOT NULL,
	[versionId] [uniqueidentifier] NOT NULL,
	[timestamp] [datetime] NOT NULL,
	[xml] [ntext] COLLATE Latin1_General_CI_AS NOT NULL,
 CONSTRAINT [PK_cmsContentPreviewXml] PRIMARY KEY CLUSTERED 
(
	[nodeId] ASC,
	[versionId] ASC
)WITH (PAD_INDEX = OFF, STATISTICS_NORECOMPUTE = OFF, IGNORE_DUP_KEY = OFF, ALLOW_ROW_LOCKS = ON, ALLOW_PAGE_LOCKS = ON)
)

GO
SET ANSI_NULLS ON
GO
SET QUOTED_IDENTIFIER ON
GO
CREATE TABLE [dbo].[cmsPropertyData](
	[id] [int] IDENTITY(1,1) NOT NULL,
	[contentNodeId] [int] NOT NULL,
	[versionId] [uniqueidentifier] NULL,
	[propertytypeid] [int] NOT NULL,
	[dataInt] [int] NULL,
	[dataDecimal] [decimal](38, 6) NULL,
	[dataDate] [datetime] NULL,
	[dataNvarchar] [nvarchar](500) COLLATE Latin1_General_CI_AS NULL,
	[dataNtext] [ntext] COLLATE Latin1_General_CI_AS NULL,
 CONSTRAINT [PK_cmsPropertyData] PRIMARY KEY CLUSTERED 
(
	[id] ASC
)WITH (PAD_INDEX = OFF, STATISTICS_NORECOMPUTE = OFF, IGNORE_DUP_KEY = OFF, ALLOW_ROW_LOCKS = ON, ALLOW_PAGE_LOCKS = ON)
)

GO
SET ANSI_NULLS ON
GO
SET QUOTED_IDENTIFIER ON
GO
CREATE TABLE [dbo].[cmsPropertyType](
	[id] [int] IDENTITY(1,1) NOT NULL,
	[dataTypeId] [int] NOT NULL,
	[contentTypeId] [int] NOT NULL,
	[propertyTypeGroupId] [int] NULL,
	[Alias] [nvarchar](255) COLLATE Latin1_General_CI_AS NOT NULL,
	[Name] [nvarchar](255) COLLATE Latin1_General_CI_AS NULL,
	[sortOrder] [int] NOT NULL CONSTRAINT [DF_cmsPropertyType_sortOrder]  DEFAULT ('0'),
	[mandatory] [bit] NOT NULL CONSTRAINT [DF_cmsPropertyType_mandatory]  DEFAULT ('0'),
	[validationRegExp] [nvarchar](255) COLLATE Latin1_General_CI_AS NULL,
	[Description] [nvarchar](2000) COLLATE Latin1_General_CI_AS NULL,
	[UniqueID] [uniqueidentifier] NOT NULL CONSTRAINT [DF_cmsPropertyType_UniqueID]  DEFAULT (newid()),
 CONSTRAINT [PK_cmsPropertyType] PRIMARY KEY CLUSTERED 
(
	[id] ASC
)WITH (PAD_INDEX = OFF, STATISTICS_NORECOMPUTE = OFF, IGNORE_DUP_KEY = OFF, ALLOW_ROW_LOCKS = ON, ALLOW_PAGE_LOCKS = ON)
)

GO
SET ANSI_NULLS ON
GO
SET QUOTED_IDENTIFIER ON
GO
CREATE TABLE [dbo].[cmsPropertyTypeGroup](
	[id] [int] IDENTITY(1,1) NOT NULL,
	[contenttypeNodeId] [int] NOT NULL,
	[text] [nvarchar](255) COLLATE Latin1_General_CI_AS NOT NULL,
	[sortorder] [int] NOT NULL,
	[uniqueID] [uniqueidentifier] NOT NULL CONSTRAINT [DF_cmsPropertyTypeGroup_uniqueID]  DEFAULT (newid()),
 CONSTRAINT [PK_cmsPropertyTypeGroup] PRIMARY KEY CLUSTERED 
(
	[id] ASC
)WITH (PAD_INDEX = OFF, STATISTICS_NORECOMPUTE = OFF, IGNORE_DUP_KEY = OFF, ALLOW_ROW_LOCKS = ON, ALLOW_PAGE_LOCKS = ON)
)

GO
SET ANSI_NULLS ON
GO
SET QUOTED_IDENTIFIER ON
GO
CREATE TABLE [dbo].[cmsTagRelationship](
	[nodeId] [int] NOT NULL,
	[tagId] [int] NOT NULL,
	[propertyTypeId] [int] NOT NULL,
 CONSTRAINT [PK_cmsTagRelationship] PRIMARY KEY CLUSTERED 
(
	[nodeId] ASC,
	[propertyTypeId] ASC,
	[tagId] ASC
)WITH (PAD_INDEX = OFF, STATISTICS_NORECOMPUTE = OFF, IGNORE_DUP_KEY = OFF, ALLOW_ROW_LOCKS = ON, ALLOW_PAGE_LOCKS = ON)
)

GO
SET ANSI_NULLS ON
GO
SET QUOTED_IDENTIFIER ON
GO
CREATE TABLE [dbo].[cmsTags](
	[id] [int] IDENTITY(1,1) NOT NULL,
	[tag] [nvarchar](200) COLLATE Latin1_General_CI_AS NULL,
	[ParentId] [int] NULL,
	[group] [nvarchar](100) COLLATE Latin1_General_CI_AS NULL,
 CONSTRAINT [PK_cmsTags] PRIMARY KEY CLUSTERED 
(
	[id] ASC
)WITH (PAD_INDEX = OFF, STATISTICS_NORECOMPUTE = OFF, IGNORE_DUP_KEY = OFF, ALLOW_ROW_LOCKS = ON, ALLOW_PAGE_LOCKS = ON)
)

GO
SET ANSI_NULLS ON
GO
SET QUOTED_IDENTIFIER ON
GO
CREATE TABLE [dbo].[cmsTask](
	[closed] [bit] NOT NULL,
	[id] [int] IDENTITY(1,1) NOT NULL,
	[taskTypeId] [int] NOT NULL,
	[nodeId] [int] NOT NULL,
	[parentUserId] [int] NOT NULL,
	[userId] [int] NOT NULL,
	[DateTime] [datetime] NOT NULL,
	[Comment] [nvarchar](500) COLLATE Latin1_General_CI_AS NULL,
 CONSTRAINT [PK_cmsTask] PRIMARY KEY CLUSTERED 
(
	[id] ASC
)WITH (PAD_INDEX = OFF, STATISTICS_NORECOMPUTE = OFF, IGNORE_DUP_KEY = OFF, ALLOW_ROW_LOCKS = ON, ALLOW_PAGE_LOCKS = ON)
)

GO
SET ANSI_NULLS ON
GO
SET QUOTED_IDENTIFIER ON
GO
CREATE TABLE [dbo].[cmsTaskType](
	[id] [int] IDENTITY(1,1) NOT NULL,
	[alias] [nvarchar](255) COLLATE Latin1_General_CI_AS NOT NULL,
 CONSTRAINT [PK_cmsTaskType] PRIMARY KEY CLUSTERED 
(
	[id] ASC
)WITH (PAD_INDEX = OFF, STATISTICS_NORECOMPUTE = OFF, IGNORE_DUP_KEY = OFF, ALLOW_ROW_LOCKS = ON, ALLOW_PAGE_LOCKS = ON)
)

GO
SET ANSI_NULLS ON
GO
SET QUOTED_IDENTIFIER ON
GO
CREATE TABLE [dbo].[cmsTemplate](
	[pk] [int] IDENTITY(1,1) NOT NULL,
	[nodeId] [int] NOT NULL,
	[alias] [nvarchar](100) COLLATE Latin1_General_CI_AS NULL,
	[design] [ntext] COLLATE Latin1_General_CI_AS NOT NULL,
 CONSTRAINT [PK_cmsTemplate] PRIMARY KEY CLUSTERED 
(
	[pk] ASC
)WITH (PAD_INDEX = OFF, STATISTICS_NORECOMPUTE = OFF, IGNORE_DUP_KEY = OFF, ALLOW_ROW_LOCKS = ON, ALLOW_PAGE_LOCKS = ON)
)

GO
SET ANSI_NULLS ON
GO
SET QUOTED_IDENTIFIER ON
GO
CREATE TABLE [dbo].[umbracoAccess](
	[id] [uniqueidentifier] NOT NULL,
	[nodeId] [int] NOT NULL,
	[loginNodeId] [int] NOT NULL,
	[noAccessNodeId] [int] NOT NULL,
	[createDate] [datetime] NOT NULL,
	[updateDate] [datetime] NOT NULL,
 CONSTRAINT [PK_umbracoAccess] PRIMARY KEY CLUSTERED 
(
	[id] ASC
)WITH (PAD_INDEX = OFF, STATISTICS_NORECOMPUTE = OFF, IGNORE_DUP_KEY = OFF, ALLOW_ROW_LOCKS = ON, ALLOW_PAGE_LOCKS = ON)
)

GO
SET ANSI_NULLS ON
GO
SET QUOTED_IDENTIFIER ON
GO
CREATE TABLE [dbo].[umbracoAccessRule](
	[id] [uniqueidentifier] NOT NULL,
	[accessId] [uniqueidentifier] NOT NULL,
	[ruleValue] [nvarchar](255) COLLATE Latin1_General_CI_AS NOT NULL,
	[ruleType] [nvarchar](255) COLLATE Latin1_General_CI_AS NOT NULL,
	[createDate] [datetime] NOT NULL,
	[updateDate] [datetime] NOT NULL,
 CONSTRAINT [PK_umbracoAccessRule] PRIMARY KEY CLUSTERED 
(
	[id] ASC
)WITH (PAD_INDEX = OFF, STATISTICS_NORECOMPUTE = OFF, IGNORE_DUP_KEY = OFF, ALLOW_ROW_LOCKS = ON, ALLOW_PAGE_LOCKS = ON)
)

GO
SET ANSI_NULLS ON
GO
SET QUOTED_IDENTIFIER ON
GO
CREATE TABLE [dbo].[umbracoCacheInstruction](
	[id] [int] IDENTITY(1,1) NOT NULL,
	[utcStamp] [datetime] NOT NULL,
	[jsonInstruction] [ntext] COLLATE Latin1_General_CI_AS NOT NULL,
	[originated] [nvarchar](500) COLLATE Latin1_General_CI_AS NOT NULL,
 CONSTRAINT [PK_umbracoCacheInstruction] PRIMARY KEY CLUSTERED 
(
	[id] ASC
)WITH (PAD_INDEX = OFF, STATISTICS_NORECOMPUTE = OFF, IGNORE_DUP_KEY = OFF, ALLOW_ROW_LOCKS = ON, ALLOW_PAGE_LOCKS = ON)
)

GO
SET ANSI_NULLS ON
GO
SET QUOTED_IDENTIFIER ON
GO
CREATE TABLE [dbo].[umbracoDeployChecksum](
	[id] [int] IDENTITY(1,1) NOT NULL,
	[entityType] [nvarchar](32) COLLATE Latin1_General_CI_AS NOT NULL,
	[entityGuid] [uniqueidentifier] NULL,
	[entityPath] [nvarchar](256) COLLATE Latin1_General_CI_AS NULL,
	[localChecksum] [nvarchar](32) COLLATE Latin1_General_CI_AS NOT NULL,
	[compositeChecksum] [nvarchar](32) COLLATE Latin1_General_CI_AS NULL,
 CONSTRAINT [PK_umbracoDeployChecksum] PRIMARY KEY CLUSTERED 
(
	[id] ASC
)WITH (PAD_INDEX = OFF, STATISTICS_NORECOMPUTE = OFF, IGNORE_DUP_KEY = OFF, ALLOW_ROW_LOCKS = ON, ALLOW_PAGE_LOCKS = ON)
)

GO
SET ANSI_NULLS ON
GO
SET QUOTED_IDENTIFIER ON
GO
CREATE TABLE [dbo].[umbracoDeployDependency](
	[sourceId] [int] NOT NULL,
	[targetId] [int] NOT NULL,
	[mode] [int] NOT NULL,
 CONSTRAINT [PK_umbracoDeployDependency] PRIMARY KEY CLUSTERED 
(
	[sourceId] ASC,
	[targetId] ASC
)WITH (PAD_INDEX = OFF, STATISTICS_NORECOMPUTE = OFF, IGNORE_DUP_KEY = OFF, ALLOW_ROW_LOCKS = ON, ALLOW_PAGE_LOCKS = ON)
)

GO
SET ANSI_NULLS ON
GO
SET QUOTED_IDENTIFIER ON
GO
CREATE TABLE [dbo].[umbracoDomains](
	[id] [int] IDENTITY(1,1) NOT NULL,
	[domainDefaultLanguage] [int] NULL,
	[domainRootStructureID] [int] NULL,
	[domainName] [nvarchar](255) COLLATE Latin1_General_CI_AS NOT NULL,
 CONSTRAINT [PK_umbracoDomains] PRIMARY KEY CLUSTERED 
(
	[id] ASC
)WITH (PAD_INDEX = OFF, STATISTICS_NORECOMPUTE = OFF, IGNORE_DUP_KEY = OFF, ALLOW_ROW_LOCKS = ON, ALLOW_PAGE_LOCKS = ON)
)

GO
SET ANSI_NULLS ON
GO
SET QUOTED_IDENTIFIER ON
GO
CREATE TABLE [dbo].[umbracoExternalLogin](
	[id] [int] IDENTITY(1,1) NOT NULL,
	[userId] [int] NOT NULL,
	[loginProvider] [nvarchar](4000) COLLATE Latin1_General_CI_AS NOT NULL,
	[providerKey] [nvarchar](4000) COLLATE Latin1_General_CI_AS NOT NULL,
	[createDate] [datetime] NOT NULL,
 CONSTRAINT [PK_umbracoExternalLogin] PRIMARY KEY CLUSTERED 
(
	[id] ASC
)WITH (PAD_INDEX = OFF, STATISTICS_NORECOMPUTE = OFF, IGNORE_DUP_KEY = OFF, ALLOW_ROW_LOCKS = ON, ALLOW_PAGE_LOCKS = ON)
)

GO
SET ANSI_NULLS ON
GO
SET QUOTED_IDENTIFIER ON
GO
CREATE TABLE [dbo].[umbracoLanguage](
	[id] [int] IDENTITY(1,1) NOT NULL,
	[languageISOCode] [nvarchar](10) COLLATE Latin1_General_CI_AS NULL,
	[languageCultureName] [nvarchar](100) COLLATE Latin1_General_CI_AS NULL,
 CONSTRAINT [PK_umbracoLanguage] PRIMARY KEY CLUSTERED 
(
	[id] ASC
)WITH (PAD_INDEX = OFF, STATISTICS_NORECOMPUTE = OFF, IGNORE_DUP_KEY = OFF, ALLOW_ROW_LOCKS = ON, ALLOW_PAGE_LOCKS = ON)
)

GO
SET ANSI_NULLS ON
GO
SET QUOTED_IDENTIFIER ON
GO
CREATE TABLE [dbo].[umbracoLog](
	[id] [int] IDENTITY(1,1) NOT NULL,
	[userId] [int] NOT NULL,
	[NodeId] [int] NOT NULL,
	[Datestamp] [datetime] NOT NULL,
	[logHeader] [nvarchar](50) COLLATE Latin1_General_CI_AS NOT NULL,
	[logComment] [nvarchar](4000) COLLATE Latin1_General_CI_AS NULL,
 CONSTRAINT [PK_umbracoLog] PRIMARY KEY CLUSTERED 
(
	[id] ASC
)WITH (PAD_INDEX = OFF, STATISTICS_NORECOMPUTE = OFF, IGNORE_DUP_KEY = OFF, ALLOW_ROW_LOCKS = ON, ALLOW_PAGE_LOCKS = ON)
)

GO
SET ANSI_NULLS ON
GO
SET QUOTED_IDENTIFIER ON
GO
CREATE TABLE [dbo].[umbracoMigration](
	[id] [int] IDENTITY(1,1) NOT NULL,
	[name] [nvarchar](255) COLLATE Latin1_General_CI_AS NOT NULL,
	[createDate] [datetime] NOT NULL CONSTRAINT [DF_umbracoMigration_createDate]  DEFAULT (getdate()),
	[version] [nvarchar](50) COLLATE Latin1_General_CI_AS NOT NULL,
 CONSTRAINT [PK_umbracoMigration] PRIMARY KEY CLUSTERED 
(
	[id] ASC
)WITH (PAD_INDEX = OFF, STATISTICS_NORECOMPUTE = OFF, IGNORE_DUP_KEY = OFF, ALLOW_ROW_LOCKS = ON, ALLOW_PAGE_LOCKS = ON)
)

GO
SET ANSI_NULLS ON
GO
SET QUOTED_IDENTIFIER ON
GO
CREATE TABLE [dbo].[umbracoNode](
	[id] [int] IDENTITY(1,1) NOT NULL,
	[trashed] [bit] NOT NULL CONSTRAINT [DF_umbracoNode_trashed]  DEFAULT ('0'),
	[parentID] [int] NOT NULL,
	[nodeUser] [int] NULL,
	[level] [int] NOT NULL,
	[path] [nvarchar](150) COLLATE Latin1_General_CI_AS NOT NULL,
	[sortOrder] [int] NOT NULL,
	[uniqueID] [uniqueidentifier] NOT NULL CONSTRAINT [DF_umbracoNode_uniqueID]  DEFAULT (newid()),
	[text] [nvarchar](255) COLLATE Latin1_General_CI_AS NULL,
	[nodeObjectType] [uniqueidentifier] NULL,
	[createDate] [datetime] NOT NULL CONSTRAINT [DF_umbracoNode_createDate]  DEFAULT (getdate()),
 CONSTRAINT [PK_structure] PRIMARY KEY CLUSTERED 
(
	[id] ASC
)WITH (PAD_INDEX = OFF, STATISTICS_NORECOMPUTE = OFF, IGNORE_DUP_KEY = OFF, ALLOW_ROW_LOCKS = ON, ALLOW_PAGE_LOCKS = ON)
)

GO
SET ANSI_NULLS ON
GO
SET QUOTED_IDENTIFIER ON
GO
CREATE TABLE [dbo].[umbracoRedirectUrl](
	[id] [uniqueidentifier] NOT NULL,
	[contentKey] [uniqueidentifier] NOT NULL,
	[createDateUtc] [datetime] NOT NULL,
	[url] [nvarchar](255) COLLATE Latin1_General_CI_AS NOT NULL,
	[urlHash] [nvarchar](40) COLLATE Latin1_General_CI_AS NOT NULL,
 CONSTRAINT [PK_umbracoRedirectUrl] PRIMARY KEY CLUSTERED 
(
	[id] ASC
)WITH (PAD_INDEX = OFF, STATISTICS_NORECOMPUTE = OFF, IGNORE_DUP_KEY = OFF, ALLOW_ROW_LOCKS = ON, ALLOW_PAGE_LOCKS = ON)
)

GO
SET ANSI_NULLS ON
GO
SET QUOTED_IDENTIFIER ON
GO
CREATE TABLE [dbo].[umbracoRelation](
	[id] [int] IDENTITY(1,1) NOT NULL,
	[parentId] [int] NOT NULL,
	[childId] [int] NOT NULL,
	[relType] [int] NOT NULL,
	[datetime] [datetime] NOT NULL,
	[comment] [nvarchar](1000) COLLATE Latin1_General_CI_AS NOT NULL,
 CONSTRAINT [PK_umbracoRelation] PRIMARY KEY CLUSTERED 
(
	[id] ASC
)WITH (PAD_INDEX = OFF, STATISTICS_NORECOMPUTE = OFF, IGNORE_DUP_KEY = OFF, ALLOW_ROW_LOCKS = ON, ALLOW_PAGE_LOCKS = ON)
)

GO
SET ANSI_NULLS ON
GO
SET QUOTED_IDENTIFIER ON
GO
CREATE TABLE [dbo].[umbracoRelationType](
	[id] [int] IDENTITY(1,1) NOT NULL,
	[dual] [bit] NOT NULL,
	[parentObjectType] [uniqueidentifier] NOT NULL,
	[childObjectType] [uniqueidentifier] NOT NULL,
	[name] [nvarchar](255) COLLATE Latin1_General_CI_AS NOT NULL,
	[alias] [nvarchar](100) COLLATE Latin1_General_CI_AS NULL,
 CONSTRAINT [PK_umbracoRelationType] PRIMARY KEY CLUSTERED 
(
	[id] ASC
)WITH (PAD_INDEX = OFF, STATISTICS_NORECOMPUTE = OFF, IGNORE_DUP_KEY = OFF, ALLOW_ROW_LOCKS = ON, ALLOW_PAGE_LOCKS = ON)
)

GO
SET ANSI_NULLS ON
GO
SET QUOTED_IDENTIFIER ON
GO
CREATE TABLE [dbo].[umbracoServer](
	[id] [int] IDENTITY(1,1) NOT NULL,
	[address] [nvarchar](500) COLLATE Latin1_General_CI_AS NOT NULL,
	[computerName] [nvarchar](255) COLLATE Latin1_General_CI_AS NOT NULL,
	[registeredDate] [datetime] NOT NULL,
	[lastNotifiedDate] [datetime] NOT NULL,
	[isActive] [bit] NOT NULL,
	[isMaster] [bit] NOT NULL,
 CONSTRAINT [PK_umbracoServer] PRIMARY KEY CLUSTERED 
(
	[id] ASC
)WITH (PAD_INDEX = OFF, STATISTICS_NORECOMPUTE = OFF, IGNORE_DUP_KEY = OFF, ALLOW_ROW_LOCKS = ON, ALLOW_PAGE_LOCKS = ON)
)

GO
SET ANSI_NULLS ON
GO
SET QUOTED_IDENTIFIER ON
GO
CREATE TABLE [dbo].[umbracoUser](
	[id] [int] IDENTITY(1,1) NOT NULL,
	[userDisabled] [bit] NOT NULL CONSTRAINT [DF_umbracoUser_userDisabled]  DEFAULT ('0'),
	[userNoConsole] [bit] NOT NULL CONSTRAINT [DF_umbracoUser_userNoConsole]  DEFAULT ('0'),
	[userType] [int] NOT NULL,
	[startStructureID] [int] NOT NULL,
	[startMediaID] [int] NULL,
	[userName] [nvarchar](255) COLLATE Latin1_General_CI_AS NOT NULL,
	[userLogin] [nvarchar](125) COLLATE Latin1_General_CI_AS NOT NULL,
	[userPassword] [nvarchar](500) COLLATE Latin1_General_CI_AS NOT NULL,
	[userEmail] [nvarchar](255) COLLATE Latin1_General_CI_AS NOT NULL,
	[userLanguage] [nvarchar](10) COLLATE Latin1_General_CI_AS NULL,
	[securityStampToken] [nvarchar](255) COLLATE Latin1_General_CI_AS NULL,
	[failedLoginAttempts] [int] NULL,
	[lastLockoutDate] [datetime] NULL,
	[lastPasswordChangeDate] [datetime] NULL,
	[lastLoginDate] [datetime] NULL,
 CONSTRAINT [PK_user] PRIMARY KEY CLUSTERED 
(
	[id] ASC
)WITH (PAD_INDEX = OFF, STATISTICS_NORECOMPUTE = OFF, IGNORE_DUP_KEY = OFF, ALLOW_ROW_LOCKS = ON, ALLOW_PAGE_LOCKS = ON)
)

GO
SET ANSI_NULLS ON
GO
SET QUOTED_IDENTIFIER ON
GO
CREATE TABLE [dbo].[umbracoUser2app](
	[user] [int] NOT NULL,
	[app] [nvarchar](50) COLLATE Latin1_General_CI_AS NOT NULL,
 CONSTRAINT [PK_user2app] PRIMARY KEY CLUSTERED 
(
	[user] ASC,
	[app] ASC
)WITH (PAD_INDEX = OFF, STATISTICS_NORECOMPUTE = OFF, IGNORE_DUP_KEY = OFF, ALLOW_ROW_LOCKS = ON, ALLOW_PAGE_LOCKS = ON)
)

GO
SET ANSI_NULLS ON
GO
SET QUOTED_IDENTIFIER ON
GO
CREATE TABLE [dbo].[umbracoUser2NodeNotify](
	[userId] [int] NOT NULL,
	[nodeId] [int] NOT NULL,
	[action] [nchar](1) COLLATE Latin1_General_CI_AS NOT NULL,
 CONSTRAINT [PK_umbracoUser2NodeNotify] PRIMARY KEY CLUSTERED 
(
	[userId] ASC,
	[nodeId] ASC,
	[action] ASC
)WITH (PAD_INDEX = OFF, STATISTICS_NORECOMPUTE = OFF, IGNORE_DUP_KEY = OFF, ALLOW_ROW_LOCKS = ON, ALLOW_PAGE_LOCKS = ON)
)

GO
SET ANSI_NULLS ON
GO
SET QUOTED_IDENTIFIER ON
GO
CREATE TABLE [dbo].[umbracoUser2NodePermission](
	[userId] [int] NOT NULL,
	[nodeId] [int] NOT NULL,
	[permission] [nvarchar](255) COLLATE Latin1_General_CI_AS NOT NULL,
 CONSTRAINT [PK_umbracoUser2NodePermission] PRIMARY KEY CLUSTERED 
(
	[userId] ASC,
	[nodeId] ASC,
	[permission] ASC
)WITH (PAD_INDEX = OFF, STATISTICS_NORECOMPUTE = OFF, IGNORE_DUP_KEY = OFF, ALLOW_ROW_LOCKS = ON, ALLOW_PAGE_LOCKS = ON)
)

GO
SET ANSI_NULLS ON
GO
SET QUOTED_IDENTIFIER ON
GO
CREATE TABLE [dbo].[umbracoUserType](
	[id] [int] IDENTITY(1,1) NOT NULL,
	[userTypeAlias] [nvarchar](50) COLLATE Latin1_General_CI_AS NULL,
	[userTypeName] [nvarchar](255) COLLATE Latin1_General_CI_AS NOT NULL,
	[userTypeDefaultPermissions] [nvarchar](50) COLLATE Latin1_General_CI_AS NULL,
 CONSTRAINT [PK_umbracoUserType] PRIMARY KEY CLUSTERED 
(
	[id] ASC
)WITH (PAD_INDEX = OFF, STATISTICS_NORECOMPUTE = OFF, IGNORE_DUP_KEY = OFF, ALLOW_ROW_LOCKS = ON, ALLOW_PAGE_LOCKS = ON)
)

GO
SET IDENTITY_INSERT [dbo].[cmsContent] ON 

GO
INSERT [dbo].[cmsContent] ([pk], [nodeId], [contentType]) VALUES (1, 1048, 1047)
GO
SET IDENTITY_INSERT [dbo].[cmsContent] OFF
GO
SET IDENTITY_INSERT [dbo].[cmsContentType] ON 

GO
INSERT [dbo].[cmsContentType] ([pk], [nodeId], [alias], [icon], [thumbnail], [description], [isContainer], [allowAtRoot]) VALUES (531, 1044, N'Member', N'icon-user', N'icon-user', NULL, 0, 0)
GO
INSERT [dbo].[cmsContentType] ([pk], [nodeId], [alias], [icon], [thumbnail], [description], [isContainer], [allowAtRoot]) VALUES (532, 1031, N'Folder', N'icon-folder', N'icon-folder', NULL, 0, 1)
GO
INSERT [dbo].[cmsContentType] ([pk], [nodeId], [alias], [icon], [thumbnail], [description], [isContainer], [allowAtRoot]) VALUES (533, 1032, N'Image', N'icon-picture', N'icon-picture', N'', 0, 0)
GO
INSERT [dbo].[cmsContentType] ([pk], [nodeId], [alias], [icon], [thumbnail], [description], [isContainer], [allowAtRoot]) VALUES (534, 1033, N'File', N'icon-document', N'icon-document', N'', 0, 0)
GO
INSERT [dbo].[cmsContentType] ([pk], [nodeId], [alias], [icon], [thumbnail], [description], [isContainer], [allowAtRoot]) VALUES (535, 1047, N'homePage', N'icon-home', N'folder.png', NULL, 0, 1)
GO
SET IDENTITY_INSERT [dbo].[cmsContentType] OFF
GO
INSERT [dbo].[cmsContentTypeAllowedContentType] ([Id], [AllowedId], [SortOrder]) VALUES (1031, 1031, 0)
GO
INSERT [dbo].[cmsContentTypeAllowedContentType] ([Id], [AllowedId], [SortOrder]) VALUES (1031, 1032, 0)
GO
INSERT [dbo].[cmsContentTypeAllowedContentType] ([Id], [AllowedId], [SortOrder]) VALUES (1031, 1033, 0)
GO
SET IDENTITY_INSERT [dbo].[cmsContentVersion] ON 

GO
INSERT [dbo].[cmsContentVersion] ([id], [ContentId], [VersionId], [VersionDate]) VALUES (1, 1048, N'db12570f-1428-4264-803b-f1edd6697f8e', CAST(N'2016-11-29 21:09:57.527' AS DateTime))
GO
SET IDENTITY_INSERT [dbo].[cmsContentVersion] OFF
GO
INSERT [dbo].[cmsContentXml] ([nodeId], [xml]) VALUES (1048, N'<homePage id="1048" key="4d4630a5-185c-4cbc-8dbf-2505122da3a2" parentID="-1" level="1" creatorID="0" sortOrder="0" createDate="2016-09-28T14:44:53" updateDate="2016-11-29T21:09:57" nodeName="Home" urlName="home" path="-1,1048" isDoc="" nodeType="1047" creatorName="Dan Lister" writerName="Dan Lister" writerID="0" template="1046" nodeTypeAlias="homePage" />')
GO
SET IDENTITY_INSERT [dbo].[cmsDataType] ON 

GO
INSERT [dbo].[cmsDataType] ([pk], [nodeId], [propertyEditorAlias], [dbType]) VALUES (-28, -97, N'Umbraco.ListView', N'Nvarchar')
GO
INSERT [dbo].[cmsDataType] ([pk], [nodeId], [propertyEditorAlias], [dbType]) VALUES (-27, -96, N'Umbraco.ListView', N'Nvarchar')
GO
INSERT [dbo].[cmsDataType] ([pk], [nodeId], [propertyEditorAlias], [dbType]) VALUES (-26, -95, N'Umbraco.ListView', N'Nvarchar')
GO
INSERT [dbo].[cmsDataType] ([pk], [nodeId], [propertyEditorAlias], [dbType]) VALUES (1, -49, N'Umbraco.TrueFalse', N'Integer')
GO
INSERT [dbo].[cmsDataType] ([pk], [nodeId], [propertyEditorAlias], [dbType]) VALUES (2, -51, N'Umbraco.Integer', N'Integer')
GO
INSERT [dbo].[cmsDataType] ([pk], [nodeId], [propertyEditorAlias], [dbType]) VALUES (3, -87, N'Umbraco.TinyMCEv3', N'Ntext')
GO
INSERT [dbo].[cmsDataType] ([pk], [nodeId], [propertyEditorAlias], [dbType]) VALUES (4, -88, N'Umbraco.Textbox', N'Nvarchar')
GO
INSERT [dbo].[cmsDataType] ([pk], [nodeId], [propertyEditorAlias], [dbType]) VALUES (5, -89, N'Umbraco.TextboxMultiple', N'Ntext')
GO
INSERT [dbo].[cmsDataType] ([pk], [nodeId], [propertyEditorAlias], [dbType]) VALUES (6, -90, N'Umbraco.UploadField', N'Nvarchar')
GO
INSERT [dbo].[cmsDataType] ([pk], [nodeId], [propertyEditorAlias], [dbType]) VALUES (7, -92, N'Umbraco.NoEdit', N'Nvarchar')
GO
INSERT [dbo].[cmsDataType] ([pk], [nodeId], [propertyEditorAlias], [dbType]) VALUES (8, -36, N'Umbraco.DateTime', N'Date')
GO
INSERT [dbo].[cmsDataType] ([pk], [nodeId], [propertyEditorAlias], [dbType]) VALUES (9, -37, N'Umbraco.ColorPickerAlias', N'Nvarchar')
GO
INSERT [dbo].[cmsDataType] ([pk], [nodeId], [propertyEditorAlias], [dbType]) VALUES (11, -39, N'Umbraco.DropDownMultiple', N'Nvarchar')
GO
INSERT [dbo].[cmsDataType] ([pk], [nodeId], [propertyEditorAlias], [dbType]) VALUES (12, -40, N'Umbraco.RadioButtonList', N'Nvarchar')
GO
INSERT [dbo].[cmsDataType] ([pk], [nodeId], [propertyEditorAlias], [dbType]) VALUES (13, -41, N'Umbraco.Date', N'Date')
GO
INSERT [dbo].[cmsDataType] ([pk], [nodeId], [propertyEditorAlias], [dbType]) VALUES (14, -42, N'Umbraco.DropDown', N'Integer')
GO
INSERT [dbo].[cmsDataType] ([pk], [nodeId], [propertyEditorAlias], [dbType]) VALUES (15, -43, N'Umbraco.CheckBoxList', N'Nvarchar')
GO
INSERT [dbo].[cmsDataType] ([pk], [nodeId], [propertyEditorAlias], [dbType]) VALUES (16, 1034, N'Umbraco.ContentPickerAlias', N'Integer')
GO
INSERT [dbo].[cmsDataType] ([pk], [nodeId], [propertyEditorAlias], [dbType]) VALUES (17, 1035, N'Umbraco.MultipleMediaPicker', N'Nvarchar')
GO
INSERT [dbo].[cmsDataType] ([pk], [nodeId], [propertyEditorAlias], [dbType]) VALUES (18, 1036, N'Umbraco.MemberPicker', N'Integer')
GO
INSERT [dbo].[cmsDataType] ([pk], [nodeId], [propertyEditorAlias], [dbType]) VALUES (21, 1040, N'Umbraco.RelatedLinks', N'Ntext')
GO
INSERT [dbo].[cmsDataType] ([pk], [nodeId], [propertyEditorAlias], [dbType]) VALUES (22, 1041, N'Umbraco.Tags', N'Ntext')
GO
INSERT [dbo].[cmsDataType] ([pk], [nodeId], [propertyEditorAlias], [dbType]) VALUES (24, 1043, N'Umbraco.ImageCropper', N'Ntext')
GO
INSERT [dbo].[cmsDataType] ([pk], [nodeId], [propertyEditorAlias], [dbType]) VALUES (25, 1045, N'Umbraco.MultipleMediaPicker', N'Nvarchar')
GO
SET IDENTITY_INSERT [dbo].[cmsDataType] OFF
GO
SET IDENTITY_INSERT [dbo].[cmsDataTypePreValues] ON 

GO
INSERT [dbo].[cmsDataTypePreValues] ([id], [datatypeNodeId], [value], [sortorder], [alias]) VALUES (-9, -96, N'[{"alias":"updateDate","header":"Last edited","isSystem":1},{"alias":"owner","header":"Updated by","isSystem":1}]', 5, N'includeProperties')
GO
INSERT [dbo].[cmsDataTypePreValues] ([id], [datatypeNodeId], [value], [sortorder], [alias]) VALUES (-8, -96, N'[{"name": "Grid","path": "views/propertyeditors/listview/layouts/grid/grid.html", "icon": "icon-thumbnails-small", "isSystem": 1, "selected": true},{"name": "List","path": "views/propertyeditors/listview/layouts/list/list.html","icon": "icon-list", "isSystem": 1,"selected": true}]', 4, N'layouts')
GO
INSERT [dbo].[cmsDataTypePreValues] ([id], [datatypeNodeId], [value], [sortorder], [alias]) VALUES (-7, -96, N'desc', 3, N'orderDirection')
GO
INSERT [dbo].[cmsDataTypePreValues] ([id], [datatypeNodeId], [value], [sortorder], [alias]) VALUES (-6, -96, N'updateDate', 2, N'orderBy')
GO
INSERT [dbo].[cmsDataTypePreValues] ([id], [datatypeNodeId], [value], [sortorder], [alias]) VALUES (-5, -96, N'100', 1, N'pageSize')
GO
INSERT [dbo].[cmsDataTypePreValues] ([id], [datatypeNodeId], [value], [sortorder], [alias]) VALUES (-4, -97, N'[{"alias":"username","isSystem":1},{"alias":"email","isSystem":1},{"alias":"updateDate","header":"Last edited","isSystem":1}]', 4, N'includeProperties')
GO
INSERT [dbo].[cmsDataTypePreValues] ([id], [datatypeNodeId], [value], [sortorder], [alias]) VALUES (-3, -97, N'asc', 3, N'orderDirection')
GO
INSERT [dbo].[cmsDataTypePreValues] ([id], [datatypeNodeId], [value], [sortorder], [alias]) VALUES (-2, -97, N'username', 2, N'orderBy')
GO
INSERT [dbo].[cmsDataTypePreValues] ([id], [datatypeNodeId], [value], [sortorder], [alias]) VALUES (-1, -97, N'10', 1, N'pageSize')
GO
INSERT [dbo].[cmsDataTypePreValues] ([id], [datatypeNodeId], [value], [sortorder], [alias]) VALUES (3, -87, N',code,undo,redo,cut,copy,mcepasteword,stylepicker,bold,italic,bullist,numlist,outdent,indent,mcelink,unlink,mceinsertanchor,mceimage,umbracomacro,mceinserttable,umbracoembed,mcecharmap,|1|1,2,3,|0|500,400|1049,|true|', 0, N'')
GO
INSERT [dbo].[cmsDataTypePreValues] ([id], [datatypeNodeId], [value], [sortorder], [alias]) VALUES (4, 1041, N'default', 0, N'group')
GO
INSERT [dbo].[cmsDataTypePreValues] ([id], [datatypeNodeId], [value], [sortorder], [alias]) VALUES (5, 1045, N'1', 0, N'multiPicker')
GO
SET IDENTITY_INSERT [dbo].[cmsDataTypePreValues] OFF
GO
INSERT [dbo].[cmsDocument] ([nodeId], [published], [documentUser], [versionId], [text], [releaseDate], [expireDate], [updateDate], [templateId], [newest]) VALUES (1048, 1, 0, N'db12570f-1428-4264-803b-f1edd6697f8e', N'Home', NULL, NULL, CAST(N'2016-11-29 21:09:57.527' AS DateTime), 1046, 1)
GO
INSERT [dbo].[cmsDocumentType] ([contentTypeNodeId], [templateNodeId], [IsDefault]) VALUES (1047, 1046, 1)
GO
INSERT [dbo].[cmsPreviewXml] ([nodeId], [versionId], [timestamp], [xml]) VALUES (1048, N'db12570f-1428-4264-803b-f1edd6697f8e', CAST(N'2016-11-29 21:09:57.550' AS DateTime), N'<homePage id="1048" key="4d4630a5-185c-4cbc-8dbf-2505122da3a2" parentID="-1" level="1" creatorID="0" sortOrder="0" createDate="2016-09-28T14:44:53" updateDate="2016-11-29T21:09:57" nodeName="Home" urlName="home" path="-1,1048" isDoc="" nodeType="1047" creatorName="Dan Lister" writerName="Dan Lister" writerID="0" template="1046" nodeTypeAlias="homePage" />')
GO
SET IDENTITY_INSERT [dbo].[cmsPropertyType] ON 

GO
INSERT [dbo].[cmsPropertyType] ([id], [dataTypeId], [contentTypeId], [propertyTypeGroupId], [Alias], [Name], [sortOrder], [mandatory], [validationRegExp], [Description], [UniqueID]) VALUES (6, 1043, 1032, 3, N'umbracoFile', N'Upload image', 0, 0, N'', N'', N'00000006-0000-0000-0000-000000000000')
GO
INSERT [dbo].[cmsPropertyType] ([id], [dataTypeId], [contentTypeId], [propertyTypeGroupId], [Alias], [Name], [sortOrder], [mandatory], [validationRegExp], [Description], [UniqueID]) VALUES (7, -92, 1032, 3, N'umbracoWidth', N'Width', 1, 0, N'', N'', N'00000007-0000-0000-0000-000000000000')
GO
INSERT [dbo].[cmsPropertyType] ([id], [dataTypeId], [contentTypeId], [propertyTypeGroupId], [Alias], [Name], [sortOrder], [mandatory], [validationRegExp], [Description], [UniqueID]) VALUES (8, -92, 1032, 3, N'umbracoHeight', N'Height', 2, 0, N'', N'', N'00000008-0000-0000-0000-000000000000')
GO
INSERT [dbo].[cmsPropertyType] ([id], [dataTypeId], [contentTypeId], [propertyTypeGroupId], [Alias], [Name], [sortOrder], [mandatory], [validationRegExp], [Description], [UniqueID]) VALUES (9, -92, 1032, 3, N'umbracoBytes', N'Size', 3, 0, N'', N'', N'00000009-0000-0000-0000-000000000000')
GO
INSERT [dbo].[cmsPropertyType] ([id], [dataTypeId], [contentTypeId], [propertyTypeGroupId], [Alias], [Name], [sortOrder], [mandatory], [validationRegExp], [Description], [UniqueID]) VALUES (10, -92, 1032, 3, N'umbracoExtension', N'Type', 4, 0, N'', N'', N'0000000a-0000-0000-0000-000000000000')
GO
INSERT [dbo].[cmsPropertyType] ([id], [dataTypeId], [contentTypeId], [propertyTypeGroupId], [Alias], [Name], [sortOrder], [mandatory], [validationRegExp], [Description], [UniqueID]) VALUES (24, -90, 1033, 4, N'umbracoFile', N'Upload file', 0, 0, N'', N'', N'00000018-0000-0000-0000-000000000000')
GO
INSERT [dbo].[cmsPropertyType] ([id], [dataTypeId], [contentTypeId], [propertyTypeGroupId], [Alias], [Name], [sortOrder], [mandatory], [validationRegExp], [Description], [UniqueID]) VALUES (25, -92, 1033, 4, N'umbracoExtension', N'Type', 1, 0, N'', N'', N'00000019-0000-0000-0000-000000000000')
GO
INSERT [dbo].[cmsPropertyType] ([id], [dataTypeId], [contentTypeId], [propertyTypeGroupId], [Alias], [Name], [sortOrder], [mandatory], [validationRegExp], [Description], [UniqueID]) VALUES (26, -92, 1033, 4, N'umbracoBytes', N'Size', 2, 0, N'', N'', N'0000001a-0000-0000-0000-000000000000')
GO
INSERT [dbo].[cmsPropertyType] ([id], [dataTypeId], [contentTypeId], [propertyTypeGroupId], [Alias], [Name], [sortOrder], [mandatory], [validationRegExp], [Description], [UniqueID]) VALUES (27, -96, 1031, 5, N'contents', N'Contents:', 0, 0, NULL, NULL, N'0000001b-0000-0000-0000-000000000000')
GO
INSERT [dbo].[cmsPropertyType] ([id], [dataTypeId], [contentTypeId], [propertyTypeGroupId], [Alias], [Name], [sortOrder], [mandatory], [validationRegExp], [Description], [UniqueID]) VALUES (28, -89, 1044, 11, N'umbracoMemberComments', N'Comments', 0, 0, NULL, NULL, N'0000001c-0000-0000-0000-000000000000')
GO
INSERT [dbo].[cmsPropertyType] ([id], [dataTypeId], [contentTypeId], [propertyTypeGroupId], [Alias], [Name], [sortOrder], [mandatory], [validationRegExp], [Description], [UniqueID]) VALUES (29, -92, 1044, 11, N'umbracoMemberFailedPasswordAttempts', N'Failed Password Attempts', 1, 0, NULL, NULL, N'0000001d-0000-0000-0000-000000000000')
GO
INSERT [dbo].[cmsPropertyType] ([id], [dataTypeId], [contentTypeId], [propertyTypeGroupId], [Alias], [Name], [sortOrder], [mandatory], [validationRegExp], [Description], [UniqueID]) VALUES (30, -49, 1044, 11, N'umbracoMemberApproved', N'Is Approved', 2, 0, NULL, NULL, N'0000001e-0000-0000-0000-000000000000')
GO
INSERT [dbo].[cmsPropertyType] ([id], [dataTypeId], [contentTypeId], [propertyTypeGroupId], [Alias], [Name], [sortOrder], [mandatory], [validationRegExp], [Description], [UniqueID]) VALUES (31, -49, 1044, 11, N'umbracoMemberLockedOut', N'Is Locked Out', 3, 0, NULL, NULL, N'0000001f-0000-0000-0000-000000000000')
GO
INSERT [dbo].[cmsPropertyType] ([id], [dataTypeId], [contentTypeId], [propertyTypeGroupId], [Alias], [Name], [sortOrder], [mandatory], [validationRegExp], [Description], [UniqueID]) VALUES (32, -92, 1044, 11, N'umbracoMemberLastLockoutDate', N'Last Lockout Date', 4, 0, NULL, NULL, N'00000020-0000-0000-0000-000000000000')
GO
INSERT [dbo].[cmsPropertyType] ([id], [dataTypeId], [contentTypeId], [propertyTypeGroupId], [Alias], [Name], [sortOrder], [mandatory], [validationRegExp], [Description], [UniqueID]) VALUES (33, -92, 1044, 11, N'umbracoMemberLastLogin', N'Last Login Date', 5, 0, NULL, NULL, N'00000021-0000-0000-0000-000000000000')
GO
INSERT [dbo].[cmsPropertyType] ([id], [dataTypeId], [contentTypeId], [propertyTypeGroupId], [Alias], [Name], [sortOrder], [mandatory], [validationRegExp], [Description], [UniqueID]) VALUES (34, -92, 1044, 11, N'umbracoMemberLastPasswordChangeDate', N'Last Password Change Date', 6, 0, NULL, NULL, N'00000022-0000-0000-0000-000000000000')
GO
SET IDENTITY_INSERT [dbo].[cmsPropertyType] OFF
GO
SET IDENTITY_INSERT [dbo].[cmsPropertyTypeGroup] ON 

GO
INSERT [dbo].[cmsPropertyTypeGroup] ([id], [contenttypeNodeId], [text], [sortorder], [uniqueID]) VALUES (3, 1032, N'Image', 1, N'79ed4d07-254a-42cf-8fa9-ebe1c116a596')
GO
INSERT [dbo].[cmsPropertyTypeGroup] ([id], [contenttypeNodeId], [text], [sortorder], [uniqueID]) VALUES (4, 1033, N'File', 1, N'50899f9c-023a-4466-b623-aba9049885fe')
GO
INSERT [dbo].[cmsPropertyTypeGroup] ([id], [contenttypeNodeId], [text], [sortorder], [uniqueID]) VALUES (5, 1031, N'Contents', 1, N'79995fa2-63ee-453c-a29b-2e66f324cdbe')
GO
INSERT [dbo].[cmsPropertyTypeGroup] ([id], [contenttypeNodeId], [text], [sortorder], [uniqueID]) VALUES (11, 1044, N'Membership', 1, N'0756729d-d665-46e3-b84a-37aceaa614f8')
GO
SET IDENTITY_INSERT [dbo].[cmsPropertyTypeGroup] OFF
GO
SET IDENTITY_INSERT [dbo].[cmsTaskType] ON 

GO
INSERT [dbo].[cmsTaskType] ([id], [alias]) VALUES (1, N'toTranslate')
GO
SET IDENTITY_INSERT [dbo].[cmsTaskType] OFF
GO
SET IDENTITY_INSERT [dbo].[cmsTemplate] ON 

GO
INSERT [dbo].[cmsTemplate] ([pk], [nodeId], [alias], [design]) VALUES (1, 1046, N'HomePage', N'@{
	Layout = "BasePage.cshtml";
}
@inherits UmbracoViewPage<MasterPage<HomePage>>')
GO
INSERT [dbo].[cmsTemplate] ([pk], [nodeId], [alias], [design]) VALUES (2, 1049, N'BasePage', N'@inherits UmbracoViewPage<IMasterPage>
<!doctype html>
<html lang="@Culture">
<head>
    <meta charset="utf-8">
    <meta http-equiv="x-ua-compatible" content="ie=edge">
    <title></title>
	<link rel="stylesheet" href="/css/main.css">
</head>
<body>
    @RenderBody()
</body>
</html>
<!-- @DateTime.Now.ToUniversalTime() -->')
GO
SET IDENTITY_INSERT [dbo].[cmsTemplate] OFF
GO
SET IDENTITY_INSERT [dbo].[umbracoLanguage] ON 

GO
INSERT [dbo].[umbracoLanguage] ([id], [languageISOCode], [languageCultureName]) VALUES (2, N'en-GB', N'English (United Kingdom)')
GO
SET IDENTITY_INSERT [dbo].[umbracoLanguage] OFF
GO
SET IDENTITY_INSERT [dbo].[umbracoMigration] ON 

GO
INSERT [dbo].[umbracoMigration] ([id], [name], [createDate], [version]) VALUES (1, N'Umbraco', CAST(N'2016-09-20 10:32:05.103' AS DateTime), N'7.5.3')
GO
INSERT [dbo].[umbracoMigration] ([id], [name], [createDate], [version]) VALUES (2, N'Umbraco', CAST(N'2016-10-21 17:40:56.470' AS DateTime), N'7.5.4')
GO
INSERT [dbo].[umbracoMigration] ([id], [name], [createDate], [version]) VALUES (3, N'Umbraco', CAST(N'2016-12-07 15:05:09.803' AS DateTime), N'7.5.6')
GO
SET IDENTITY_INSERT [dbo].[umbracoMigration] OFF
GO
SET IDENTITY_INSERT [dbo].[umbracoNode] ON 

GO
INSERT [dbo].[umbracoNode] ([id], [trashed], [parentID], [nodeUser], [level], [path], [sortOrder], [uniqueID], [text], [nodeObjectType], [createDate]) VALUES (-331, 0, -1, 0, 1, N'-1,-331', 1, N'0af5e610-a310-4b6f-925f-e928d5416af7', N'LOCK: Servers', N'87a9f1ff-b1e4-4a25-babb-465a4a47ec41', CAST(N'2016-09-20 10:32:04.490' AS DateTime))
GO
INSERT [dbo].[umbracoNode] ([id], [trashed], [parentID], [nodeUser], [level], [path], [sortOrder], [uniqueID], [text], [nodeObjectType], [createDate]) VALUES (-97, 0, -1, 0, 1, N'-1,-97', 2, N'aa2c52a0-ce87-4e65-a47c-7df09358585d', N'List View - Members', N'30a2a501-1978-4ddb-a57b-f7efed43ba3c', CAST(N'2016-09-20 10:32:04.480' AS DateTime))
GO
INSERT [dbo].[umbracoNode] ([id], [trashed], [parentID], [nodeUser], [level], [path], [sortOrder], [uniqueID], [text], [nodeObjectType], [createDate]) VALUES (-96, 0, -1, 0, 1, N'-1,-96', 2, N'3a0156c4-3b8c-4803-bdc1-6871faa83fff', N'List View - Media', N'30a2a501-1978-4ddb-a57b-f7efed43ba3c', CAST(N'2016-09-20 10:32:04.480' AS DateTime))
GO
INSERT [dbo].[umbracoNode] ([id], [trashed], [parentID], [nodeUser], [level], [path], [sortOrder], [uniqueID], [text], [nodeObjectType], [createDate]) VALUES (-95, 0, -1, 0, 1, N'-1,-95', 2, N'c0808dd3-8133-4e4b-8ce8-e2bea84a96a4', N'List View - Content', N'30a2a501-1978-4ddb-a57b-f7efed43ba3c', CAST(N'2016-09-20 10:32:04.480' AS DateTime))
GO
INSERT [dbo].[umbracoNode] ([id], [trashed], [parentID], [nodeUser], [level], [path], [sortOrder], [uniqueID], [text], [nodeObjectType], [createDate]) VALUES (-92, 0, -1, 0, 1, N'-1,-92', 35, N'f0bc4bfb-b499-40d6-ba86-058885a5178c', N'Label', N'30a2a501-1978-4ddb-a57b-f7efed43ba3c', CAST(N'2016-09-20 10:32:04.470' AS DateTime))
GO
INSERT [dbo].[umbracoNode] ([id], [trashed], [parentID], [nodeUser], [level], [path], [sortOrder], [uniqueID], [text], [nodeObjectType], [createDate]) VALUES (-90, 0, -1, 0, 1, N'-1,-90', 34, N'84c6b441-31df-4ffe-b67e-67d5bc3ae65a', N'Upload', N'30a2a501-1978-4ddb-a57b-f7efed43ba3c', CAST(N'2016-09-20 10:32:04.470' AS DateTime))
GO
INSERT [dbo].[umbracoNode] ([id], [trashed], [parentID], [nodeUser], [level], [path], [sortOrder], [uniqueID], [text], [nodeObjectType], [createDate]) VALUES (-89, 0, -1, 0, 1, N'-1,-89', 33, N'c6bac0dd-4ab9-45b1-8e30-e4b619ee5da3', N'Textarea', N'30a2a501-1978-4ddb-a57b-f7efed43ba3c', CAST(N'2016-09-20 10:32:04.473' AS DateTime))
GO
INSERT [dbo].[umbracoNode] ([id], [trashed], [parentID], [nodeUser], [level], [path], [sortOrder], [uniqueID], [text], [nodeObjectType], [createDate]) VALUES (-88, 0, -1, 0, 1, N'-1,-88', 32, N'0cc0eba1-9960-42c9-bf9b-60e150b429ae', N'Textstring', N'30a2a501-1978-4ddb-a57b-f7efed43ba3c', CAST(N'2016-09-20 10:32:04.473' AS DateTime))
GO
INSERT [dbo].[umbracoNode] ([id], [trashed], [parentID], [nodeUser], [level], [path], [sortOrder], [uniqueID], [text], [nodeObjectType], [createDate]) VALUES (-87, 0, -1, 0, 1, N'-1,-87', 4, N'ca90c950-0aff-4e72-b976-a30b1ac57dad', N'Richtext editor', N'30a2a501-1978-4ddb-a57b-f7efed43ba3c', CAST(N'2016-09-20 10:32:04.473' AS DateTime))
GO
INSERT [dbo].[umbracoNode] ([id], [trashed], [parentID], [nodeUser], [level], [path], [sortOrder], [uniqueID], [text], [nodeObjectType], [createDate]) VALUES (-51, 0, -1, 0, 1, N'-1,-51', 2, N'2e6d3631-066e-44b8-aec4-96f09099b2b5', N'Numeric', N'30a2a501-1978-4ddb-a57b-f7efed43ba3c', CAST(N'2016-09-20 10:32:04.473' AS DateTime))
GO
INSERT [dbo].[umbracoNode] ([id], [trashed], [parentID], [nodeUser], [level], [path], [sortOrder], [uniqueID], [text], [nodeObjectType], [createDate]) VALUES (-49, 0, -1, 0, 1, N'-1,-49', 2, N'92897bc6-a5f3-4ffe-ae27-f2e7e33dda49', N'True/false', N'30a2a501-1978-4ddb-a57b-f7efed43ba3c', CAST(N'2016-09-20 10:32:04.473' AS DateTime))
GO
INSERT [dbo].[umbracoNode] ([id], [trashed], [parentID], [nodeUser], [level], [path], [sortOrder], [uniqueID], [text], [nodeObjectType], [createDate]) VALUES (-43, 0, -1, 0, 1, N'-1,-43', 2, N'fbaf13a8-4036-41f2-93a3-974f678c312a', N'Checkbox list', N'30a2a501-1978-4ddb-a57b-f7efed43ba3c', CAST(N'2016-09-20 10:32:04.473' AS DateTime))
GO
INSERT [dbo].[umbracoNode] ([id], [trashed], [parentID], [nodeUser], [level], [path], [sortOrder], [uniqueID], [text], [nodeObjectType], [createDate]) VALUES (-42, 0, -1, 0, 1, N'-1,-42', 2, N'0b6a45e7-44ba-430d-9da5-4e46060b9e03', N'Dropdown', N'30a2a501-1978-4ddb-a57b-f7efed43ba3c', CAST(N'2016-09-20 10:32:04.473' AS DateTime))
GO
INSERT [dbo].[umbracoNode] ([id], [trashed], [parentID], [nodeUser], [level], [path], [sortOrder], [uniqueID], [text], [nodeObjectType], [createDate]) VALUES (-41, 0, -1, 0, 1, N'-1,-41', 2, N'5046194e-4237-453c-a547-15db3a07c4e1', N'Date Picker', N'30a2a501-1978-4ddb-a57b-f7efed43ba3c', CAST(N'2016-09-20 10:32:04.477' AS DateTime))
GO
INSERT [dbo].[umbracoNode] ([id], [trashed], [parentID], [nodeUser], [level], [path], [sortOrder], [uniqueID], [text], [nodeObjectType], [createDate]) VALUES (-40, 0, -1, 0, 1, N'-1,-40', 2, N'bb5f57c9-ce2b-4bb9-b697-4caca783a805', N'Radiobox', N'30a2a501-1978-4ddb-a57b-f7efed43ba3c', CAST(N'2016-09-20 10:32:04.477' AS DateTime))
GO
INSERT [dbo].[umbracoNode] ([id], [trashed], [parentID], [nodeUser], [level], [path], [sortOrder], [uniqueID], [text], [nodeObjectType], [createDate]) VALUES (-39, 0, -1, 0, 1, N'-1,-39', 2, N'f38f0ac7-1d27-439c-9f3f-089cd8825a53', N'Dropdown multiple', N'30a2a501-1978-4ddb-a57b-f7efed43ba3c', CAST(N'2016-09-20 10:32:04.477' AS DateTime))
GO
INSERT [dbo].[umbracoNode] ([id], [trashed], [parentID], [nodeUser], [level], [path], [sortOrder], [uniqueID], [text], [nodeObjectType], [createDate]) VALUES (-37, 0, -1, 0, 1, N'-1,-37', 2, N'0225af17-b302-49cb-9176-b9f35cab9c17', N'Approved Color', N'30a2a501-1978-4ddb-a57b-f7efed43ba3c', CAST(N'2016-09-20 10:32:04.477' AS DateTime))
GO
INSERT [dbo].[umbracoNode] ([id], [trashed], [parentID], [nodeUser], [level], [path], [sortOrder], [uniqueID], [text], [nodeObjectType], [createDate]) VALUES (-36, 0, -1, 0, 1, N'-1,-36', 2, N'e4d66c0f-b935-4200-81f0-025f7256b89a', N'Date Picker with time', N'30a2a501-1978-4ddb-a57b-f7efed43ba3c', CAST(N'2016-09-20 10:32:04.477' AS DateTime))
GO
INSERT [dbo].[umbracoNode] ([id], [trashed], [parentID], [nodeUser], [level], [path], [sortOrder], [uniqueID], [text], [nodeObjectType], [createDate]) VALUES (-21, 0, -1, 0, 0, N'-1,-21', 0, N'bf7c7cbc-952f-4518-97a2-69e9c7b33842', N'Recycle Bin', N'cf3d8e34-1c1c-41e9-ae56-878b57b32113', CAST(N'2016-09-20 10:32:04.470' AS DateTime))
GO
INSERT [dbo].[umbracoNode] ([id], [trashed], [parentID], [nodeUser], [level], [path], [sortOrder], [uniqueID], [text], [nodeObjectType], [createDate]) VALUES (-20, 0, -1, 0, 0, N'-1,-20', 0, N'0f582a79-1e41-4cf0-bfa0-76340651891a', N'Recycle Bin', N'01bb7ff2-24dc-4c0c-95a2-c24ef72bbac8', CAST(N'2016-09-20 10:32:04.470' AS DateTime))
GO
INSERT [dbo].[umbracoNode] ([id], [trashed], [parentID], [nodeUser], [level], [path], [sortOrder], [uniqueID], [text], [nodeObjectType], [createDate]) VALUES (-1, 0, -1, 0, 0, N'-1', 0, N'916724a5-173d-4619-b97e-b9de133dd6f5', N'SYSTEM DATA: umbraco master root', N'ea7d8624-4cfe-4578-a871-24aa946bf34d', CAST(N'2016-09-20 10:32:04.463' AS DateTime))
GO
INSERT [dbo].[umbracoNode] ([id], [trashed], [parentID], [nodeUser], [level], [path], [sortOrder], [uniqueID], [text], [nodeObjectType], [createDate]) VALUES (1031, 0, -1, 0, 1, N'-1,1031', 2, N'f38bd2d7-65d0-48e6-95dc-87ce06ec2d3d', N'Folder', N'4ea4382b-2f5a-4c2b-9587-ae9b3cf3602e', CAST(N'2016-09-20 10:32:04.480' AS DateTime))
GO
INSERT [dbo].[umbracoNode] ([id], [trashed], [parentID], [nodeUser], [level], [path], [sortOrder], [uniqueID], [text], [nodeObjectType], [createDate]) VALUES (1032, 0, -1, 0, 1, N'-1,1032', 2, N'cc07b313-0843-4aa8-bbda-871c8da728c8', N'Image', N'4ea4382b-2f5a-4c2b-9587-ae9b3cf3602e', CAST(N'2016-09-20 10:32:04.483' AS DateTime))
GO
INSERT [dbo].[umbracoNode] ([id], [trashed], [parentID], [nodeUser], [level], [path], [sortOrder], [uniqueID], [text], [nodeObjectType], [createDate]) VALUES (1033, 0, -1, 0, 1, N'-1,1033', 2, N'4c52d8ab-54e6-40cd-999c-7a5f24903e4d', N'File', N'4ea4382b-2f5a-4c2b-9587-ae9b3cf3602e', CAST(N'2016-09-20 10:32:04.483' AS DateTime))
GO
INSERT [dbo].[umbracoNode] ([id], [trashed], [parentID], [nodeUser], [level], [path], [sortOrder], [uniqueID], [text], [nodeObjectType], [createDate]) VALUES (1034, 0, -1, 0, 1, N'-1,1034', 2, N'a6857c73-d6e9-480c-b6e6-f15f6ad11125', N'Content Picker', N'30a2a501-1978-4ddb-a57b-f7efed43ba3c', CAST(N'2016-09-20 10:32:04.483' AS DateTime))
GO
INSERT [dbo].[umbracoNode] ([id], [trashed], [parentID], [nodeUser], [level], [path], [sortOrder], [uniqueID], [text], [nodeObjectType], [createDate]) VALUES (1035, 0, -1, 0, 1, N'-1,1035', 2, N'93929b9a-93a2-4e2a-b239-d99334440a59', N'Media Picker', N'30a2a501-1978-4ddb-a57b-f7efed43ba3c', CAST(N'2016-09-20 10:32:04.483' AS DateTime))
GO
INSERT [dbo].[umbracoNode] ([id], [trashed], [parentID], [nodeUser], [level], [path], [sortOrder], [uniqueID], [text], [nodeObjectType], [createDate]) VALUES (1036, 0, -1, 0, 1, N'-1,1036', 2, N'2b24165f-9782-4aa3-b459-1de4a4d21f60', N'Member Picker', N'30a2a501-1978-4ddb-a57b-f7efed43ba3c', CAST(N'2016-09-20 10:32:04.483' AS DateTime))
GO
INSERT [dbo].[umbracoNode] ([id], [trashed], [parentID], [nodeUser], [level], [path], [sortOrder], [uniqueID], [text], [nodeObjectType], [createDate]) VALUES (1040, 0, -1, 0, 1, N'-1,1040', 2, N'21e798da-e06e-4eda-a511-ed257f78d4fa', N'Related Links', N'30a2a501-1978-4ddb-a57b-f7efed43ba3c', CAST(N'2016-09-20 10:32:04.483' AS DateTime))
GO
INSERT [dbo].[umbracoNode] ([id], [trashed], [parentID], [nodeUser], [level], [path], [sortOrder], [uniqueID], [text], [nodeObjectType], [createDate]) VALUES (1041, 0, -1, 0, 1, N'-1,1041', 2, N'b6b73142-b9c1-4bf8-a16d-e1c23320b549', N'Tags', N'30a2a501-1978-4ddb-a57b-f7efed43ba3c', CAST(N'2016-09-20 10:32:04.487' AS DateTime))
GO
INSERT [dbo].[umbracoNode] ([id], [trashed], [parentID], [nodeUser], [level], [path], [sortOrder], [uniqueID], [text], [nodeObjectType], [createDate]) VALUES (1043, 0, -1, 0, 1, N'-1,1043', 2, N'1df9f033-e6d4-451f-b8d2-e0cbc50a836f', N'Image Cropper', N'30a2a501-1978-4ddb-a57b-f7efed43ba3c', CAST(N'2016-09-20 10:32:04.487' AS DateTime))
GO
INSERT [dbo].[umbracoNode] ([id], [trashed], [parentID], [nodeUser], [level], [path], [sortOrder], [uniqueID], [text], [nodeObjectType], [createDate]) VALUES (1044, 0, -1, 0, 1, N'-1,1044', 0, N'd59be02f-1df9-4228-aa1e-01917d806cda', N'Member', N'9b5416fb-e72f-45a9-a07b-5a9a2709ce43', CAST(N'2016-09-20 10:32:04.487' AS DateTime))
GO
INSERT [dbo].[umbracoNode] ([id], [trashed], [parentID], [nodeUser], [level], [path], [sortOrder], [uniqueID], [text], [nodeObjectType], [createDate]) VALUES (1045, 0, -1, 0, 1, N'-1,1045', 2, N'7e3962cc-ce20-4ffc-b661-5897a894ba7e', N'Multiple Media Picker', N'30a2a501-1978-4ddb-a57b-f7efed43ba3c', CAST(N'2016-09-20 10:32:04.487' AS DateTime))
GO
INSERT [dbo].[umbracoNode] ([id], [trashed], [parentID], [nodeUser], [level], [path], [sortOrder], [uniqueID], [text], [nodeObjectType], [createDate]) VALUES (1046, 0, 1049, NULL, 1, N'-1,1049,1046', 0, N'66853ee6-7f51-450a-8673-fe2649036785', N'Home Page', N'6fbde604-4178-42ce-a10b-8a2600a2f07d', CAST(N'2016-09-28 14:35:27.803' AS DateTime))
GO
INSERT [dbo].[umbracoNode] ([id], [trashed], [parentID], [nodeUser], [level], [path], [sortOrder], [uniqueID], [text], [nodeObjectType], [createDate]) VALUES (1047, 0, -1, 0, 1, N'-1,1047', 2, N'8c75061c-1bd1-4eec-bf3d-14f2012617fa', N'Home Page', N'a2cb7800-f571-4787-9638-bc48539a0efb', CAST(N'2016-09-28 14:35:28.010' AS DateTime))
GO
INSERT [dbo].[umbracoNode] ([id], [trashed], [parentID], [nodeUser], [level], [path], [sortOrder], [uniqueID], [text], [nodeObjectType], [createDate]) VALUES (1048, 0, -1, 0, 1, N'-1,1048', 0, N'4d4630a5-185c-4cbc-8dbf-2505122da3a2', N'Home', N'c66ba18e-eaf3-4cff-8a22-41b16d66a972', CAST(N'2016-09-28 14:44:53.180' AS DateTime))
GO
INSERT [dbo].[umbracoNode] ([id], [trashed], [parentID], [nodeUser], [level], [path], [sortOrder], [uniqueID], [text], [nodeObjectType], [createDate]) VALUES (1049, 0, -1, NULL, 1, N'-1,1049', 0, N'37e0a919-bc3d-4390-8c7f-020f5ccdfcb2', N'Base Page', N'6fbde604-4178-42ce-a10b-8a2600a2f07d', CAST(N'2016-09-28 14:45:25.377' AS DateTime))
GO
SET IDENTITY_INSERT [dbo].[umbracoNode] OFF
GO
SET IDENTITY_INSERT [dbo].[umbracoRelationType] ON 

GO
INSERT [dbo].[umbracoRelationType] ([id], [dual], [parentObjectType], [childObjectType], [name], [alias]) VALUES (1, 1, N'c66ba18e-eaf3-4cff-8a22-41b16d66a972', N'c66ba18e-eaf3-4cff-8a22-41b16d66a972', N'Relate Document On Copy', N'relateDocumentOnCopy')
GO
INSERT [dbo].[umbracoRelationType] ([id], [dual], [parentObjectType], [childObjectType], [name], [alias]) VALUES (2, 0, N'c66ba18e-eaf3-4cff-8a22-41b16d66a972', N'c66ba18e-eaf3-4cff-8a22-41b16d66a972', N'Relate Parent Document On Delete', N'relateParentDocumentOnDelete')
GO
SET IDENTITY_INSERT [dbo].[umbracoRelationType] OFF
GO
SET IDENTITY_INSERT [dbo].[umbracoUser] ON 

GO
INSERT [dbo].[umbracoUser] ([id], [userDisabled], [userNoConsole], [userType], [startStructureID], [startMediaID], [userName], [userLogin], [userPassword], [userEmail], [userLanguage], [securityStampToken], [failedLoginAttempts], [lastLockoutDate], [lastPasswordChangeDate], [lastLoginDate]) VALUES (0, 0, 0, 1, -1, -1, N'Dan Lister', N'd.lister@agebase.co.uk', N'CXNnVWSN440vtoPyuQ+BBlgm3uU=', N'd.lister@agebase.co.uk', N'en-GB', N'3165769c-debc-4941-bf1a-c094b38eb15f', 0, NULL, CAST(N'2016-09-20 10:32:05.533' AS DateTime), CAST(N'2016-12-14 15:36:28.953' AS DateTime))
GO
SET IDENTITY_INSERT [dbo].[umbracoUser] OFF
GO
INSERT [dbo].[umbracoUser2app] ([user], [app]) VALUES (0, N'content')
GO
INSERT [dbo].[umbracoUser2app] ([user], [app]) VALUES (0, N'developer')
GO
INSERT [dbo].[umbracoUser2app] ([user], [app]) VALUES (0, N'media')
GO
INSERT [dbo].[umbracoUser2app] ([user], [app]) VALUES (0, N'member')
GO
INSERT [dbo].[umbracoUser2app] ([user], [app]) VALUES (0, N'settings')
GO
INSERT [dbo].[umbracoUser2app] ([user], [app]) VALUES (0, N'users')
GO
SET IDENTITY_INSERT [dbo].[umbracoUserType] ON 

GO
INSERT [dbo].[umbracoUserType] ([id], [userTypeAlias], [userTypeName], [userTypeDefaultPermissions]) VALUES (1, N'admin', N'Administrators', N'CADMOSKTPIURZ:5F7')
GO
INSERT [dbo].[umbracoUserType] ([id], [userTypeAlias], [userTypeName], [userTypeDefaultPermissions]) VALUES (2, N'writer', N'Writer', N'CAH:F')
GO
INSERT [dbo].[umbracoUserType] ([id], [userTypeAlias], [userTypeName], [userTypeDefaultPermissions]) VALUES (3, N'editor', N'Editors', N'CADMOSKTPUZ:5F')
GO
INSERT [dbo].[umbracoUserType] ([id], [userTypeAlias], [userTypeName], [userTypeDefaultPermissions]) VALUES (4, N'translator', N'Translator', N'AF')
GO
SET IDENTITY_INSERT [dbo].[umbracoUserType] OFF
GO
CREATE UNIQUE NONCLUSTERED INDEX [IX_cmsContent] ON [dbo].[cmsContent]
(
	[nodeId] ASC
)WITH (PAD_INDEX = OFF, STATISTICS_NORECOMPUTE = OFF, SORT_IN_TEMPDB = OFF, IGNORE_DUP_KEY = OFF, DROP_EXISTING = OFF, ONLINE = OFF, ALLOW_ROW_LOCKS = ON, ALLOW_PAGE_LOCKS = ON)
GO
CREATE UNIQUE NONCLUSTERED INDEX [IX_cmsContentType] ON [dbo].[cmsContentType]
(
	[nodeId] ASC
)WITH (PAD_INDEX = OFF, STATISTICS_NORECOMPUTE = OFF, SORT_IN_TEMPDB = OFF, IGNORE_DUP_KEY = OFF, DROP_EXISTING = OFF, ONLINE = OFF, ALLOW_ROW_LOCKS = ON, ALLOW_PAGE_LOCKS = ON)
GO
SET ANSI_PADDING ON

GO
CREATE NONCLUSTERED INDEX [IX_cmsContentType_icon] ON [dbo].[cmsContentType]
(
	[icon] ASC
)WITH (PAD_INDEX = OFF, STATISTICS_NORECOMPUTE = OFF, SORT_IN_TEMPDB = OFF, DROP_EXISTING = OFF, ONLINE = OFF, ALLOW_ROW_LOCKS = ON, ALLOW_PAGE_LOCKS = ON)
GO
CREATE NONCLUSTERED INDEX [IX_cmsContentVersion_ContentId] ON [dbo].[cmsContentVersion]
(
	[ContentId] ASC
)WITH (PAD_INDEX = OFF, STATISTICS_NORECOMPUTE = OFF, SORT_IN_TEMPDB = OFF, DROP_EXISTING = OFF, ONLINE = OFF, ALLOW_ROW_LOCKS = ON, ALLOW_PAGE_LOCKS = ON)
GO
CREATE UNIQUE NONCLUSTERED INDEX [IX_cmsContentVersion_VersionId] ON [dbo].[cmsContentVersion]
(
	[VersionId] ASC
)WITH (PAD_INDEX = OFF, STATISTICS_NORECOMPUTE = OFF, SORT_IN_TEMPDB = OFF, IGNORE_DUP_KEY = OFF, DROP_EXISTING = OFF, ONLINE = OFF, ALLOW_ROW_LOCKS = ON, ALLOW_PAGE_LOCKS = ON)
GO
CREATE UNIQUE NONCLUSTERED INDEX [IX_cmsDataType_nodeId] ON [dbo].[cmsDataType]
(
	[nodeId] ASC
)WITH (PAD_INDEX = OFF, STATISTICS_NORECOMPUTE = OFF, SORT_IN_TEMPDB = OFF, IGNORE_DUP_KEY = OFF, DROP_EXISTING = OFF, ONLINE = OFF, ALLOW_ROW_LOCKS = ON, ALLOW_PAGE_LOCKS = ON)
GO
CREATE UNIQUE NONCLUSTERED INDEX [IX_cmsDictionary_id] ON [dbo].[cmsDictionary]
(
	[id] ASC
)WITH (PAD_INDEX = OFF, STATISTICS_NORECOMPUTE = OFF, SORT_IN_TEMPDB = OFF, IGNORE_DUP_KEY = OFF, DROP_EXISTING = OFF, ONLINE = OFF, ALLOW_ROW_LOCKS = ON, ALLOW_PAGE_LOCKS = ON)
GO
CREATE UNIQUE NONCLUSTERED INDEX [IX_cmsDocument] ON [dbo].[cmsDocument]
(
	[nodeId] ASC,
	[versionId] ASC
)WITH (PAD_INDEX = OFF, STATISTICS_NORECOMPUTE = OFF, SORT_IN_TEMPDB = OFF, IGNORE_DUP_KEY = OFF, DROP_EXISTING = OFF, ONLINE = OFF, ALLOW_ROW_LOCKS = ON, ALLOW_PAGE_LOCKS = ON)
GO
CREATE NONCLUSTERED INDEX [IX_cmsDocument_newest] ON [dbo].[cmsDocument]
(
	[newest] ASC
)WITH (PAD_INDEX = OFF, STATISTICS_NORECOMPUTE = OFF, SORT_IN_TEMPDB = OFF, DROP_EXISTING = OFF, ONLINE = OFF, ALLOW_ROW_LOCKS = ON, ALLOW_PAGE_LOCKS = ON)
GO
CREATE NONCLUSTERED INDEX [IX_cmsDocument_published] ON [dbo].[cmsDocument]
(
	[published] ASC
)WITH (PAD_INDEX = OFF, STATISTICS_NORECOMPUTE = OFF, SORT_IN_TEMPDB = OFF, DROP_EXISTING = OFF, ONLINE = OFF, ALLOW_ROW_LOCKS = ON, ALLOW_PAGE_LOCKS = ON)
GO
SET ANSI_PADDING ON

GO
CREATE UNIQUE NONCLUSTERED INDEX [IX_cmsMacroPropertyAlias] ON [dbo].[cmsMacro]
(
	[macroAlias] ASC
)WITH (PAD_INDEX = OFF, STATISTICS_NORECOMPUTE = OFF, SORT_IN_TEMPDB = OFF, IGNORE_DUP_KEY = OFF, DROP_EXISTING = OFF, ONLINE = OFF, ALLOW_ROW_LOCKS = ON, ALLOW_PAGE_LOCKS = ON)
GO
SET ANSI_PADDING ON

GO
CREATE UNIQUE NONCLUSTERED INDEX [IX_cmsMacroProperty_Alias] ON [dbo].[cmsMacroProperty]
(
	[macro] ASC,
	[macroPropertyAlias] ASC
)WITH (PAD_INDEX = OFF, STATISTICS_NORECOMPUTE = OFF, SORT_IN_TEMPDB = OFF, IGNORE_DUP_KEY = OFF, DROP_EXISTING = OFF, ONLINE = OFF, ALLOW_ROW_LOCKS = ON, ALLOW_PAGE_LOCKS = ON)
GO
CREATE NONCLUSTERED INDEX [IX_cmsPropertyData] ON [dbo].[cmsPropertyData]
(
	[id] ASC
)WITH (PAD_INDEX = OFF, STATISTICS_NORECOMPUTE = OFF, SORT_IN_TEMPDB = OFF, DROP_EXISTING = OFF, ONLINE = OFF, ALLOW_ROW_LOCKS = ON, ALLOW_PAGE_LOCKS = ON)
GO
CREATE UNIQUE NONCLUSTERED INDEX [IX_cmsPropertyData_1] ON [dbo].[cmsPropertyData]
(
	[contentNodeId] ASC,
	[versionId] ASC,
	[propertytypeid] ASC
)WITH (PAD_INDEX = OFF, STATISTICS_NORECOMPUTE = OFF, SORT_IN_TEMPDB = OFF, IGNORE_DUP_KEY = OFF, DROP_EXISTING = OFF, ONLINE = OFF, ALLOW_ROW_LOCKS = ON, ALLOW_PAGE_LOCKS = ON)
GO
CREATE NONCLUSTERED INDEX [IX_cmsPropertyData_2] ON [dbo].[cmsPropertyData]
(
	[versionId] ASC
)WITH (PAD_INDEX = OFF, STATISTICS_NORECOMPUTE = OFF, SORT_IN_TEMPDB = OFF, DROP_EXISTING = OFF, ONLINE = OFF, ALLOW_ROW_LOCKS = ON, ALLOW_PAGE_LOCKS = ON)
GO
CREATE NONCLUSTERED INDEX [IX_cmsPropertyData_3] ON [dbo].[cmsPropertyData]
(
	[propertytypeid] ASC
)WITH (PAD_INDEX = OFF, STATISTICS_NORECOMPUTE = OFF, SORT_IN_TEMPDB = OFF, DROP_EXISTING = OFF, ONLINE = OFF, ALLOW_ROW_LOCKS = ON, ALLOW_PAGE_LOCKS = ON)
GO
CREATE UNIQUE NONCLUSTERED INDEX [IX_cmsPropertyTypeUniqueID] ON [dbo].[cmsPropertyType]
(
	[UniqueID] ASC
)WITH (PAD_INDEX = OFF, STATISTICS_NORECOMPUTE = OFF, SORT_IN_TEMPDB = OFF, IGNORE_DUP_KEY = OFF, DROP_EXISTING = OFF, ONLINE = OFF, ALLOW_ROW_LOCKS = ON, ALLOW_PAGE_LOCKS = ON)
GO
CREATE UNIQUE NONCLUSTERED INDEX [IX_cmsPropertyTypeGroupUniqueID] ON [dbo].[cmsPropertyTypeGroup]
(
	[uniqueID] ASC
)WITH (PAD_INDEX = OFF, STATISTICS_NORECOMPUTE = OFF, SORT_IN_TEMPDB = OFF, IGNORE_DUP_KEY = OFF, DROP_EXISTING = OFF, ONLINE = OFF, ALLOW_ROW_LOCKS = ON, ALLOW_PAGE_LOCKS = ON)
GO
SET ANSI_PADDING ON

GO
CREATE NONCLUSTERED INDEX [IX_cmsTags] ON [dbo].[cmsTags]
(
	[tag] ASC,
	[group] ASC
)WITH (PAD_INDEX = OFF, STATISTICS_NORECOMPUTE = OFF, SORT_IN_TEMPDB = OFF, DROP_EXISTING = OFF, ONLINE = OFF, ALLOW_ROW_LOCKS = ON, ALLOW_PAGE_LOCKS = ON)
GO
SET ANSI_PADDING ON

GO
CREATE NONCLUSTERED INDEX [IX_cmsTaskType_alias] ON [dbo].[cmsTaskType]
(
	[alias] ASC
)WITH (PAD_INDEX = OFF, STATISTICS_NORECOMPUTE = OFF, SORT_IN_TEMPDB = OFF, DROP_EXISTING = OFF, ONLINE = OFF, ALLOW_ROW_LOCKS = ON, ALLOW_PAGE_LOCKS = ON)
GO
CREATE UNIQUE NONCLUSTERED INDEX [IX_cmsTemplate_nodeId] ON [dbo].[cmsTemplate]
(
	[nodeId] ASC
)WITH (PAD_INDEX = OFF, STATISTICS_NORECOMPUTE = OFF, SORT_IN_TEMPDB = OFF, IGNORE_DUP_KEY = OFF, DROP_EXISTING = OFF, ONLINE = OFF, ALLOW_ROW_LOCKS = ON, ALLOW_PAGE_LOCKS = ON)
GO
CREATE UNIQUE NONCLUSTERED INDEX [IX_umbracoAccess_nodeId] ON [dbo].[umbracoAccess]
(
	[nodeId] ASC
)WITH (PAD_INDEX = OFF, STATISTICS_NORECOMPUTE = OFF, SORT_IN_TEMPDB = OFF, IGNORE_DUP_KEY = OFF, DROP_EXISTING = OFF, ONLINE = OFF, ALLOW_ROW_LOCKS = ON, ALLOW_PAGE_LOCKS = ON)
GO
SET ANSI_PADDING ON

GO
CREATE UNIQUE NONCLUSTERED INDEX [IX_umbracoAccessRule] ON [dbo].[umbracoAccessRule]
(
	[ruleValue] ASC,
	[ruleType] ASC,
	[accessId] ASC
)WITH (PAD_INDEX = OFF, STATISTICS_NORECOMPUTE = OFF, SORT_IN_TEMPDB = OFF, IGNORE_DUP_KEY = OFF, DROP_EXISTING = OFF, ONLINE = OFF, ALLOW_ROW_LOCKS = ON, ALLOW_PAGE_LOCKS = ON)
GO
SET ANSI_PADDING ON

GO
CREATE UNIQUE NONCLUSTERED INDEX [IX_umbracoDeployChecksum] ON [dbo].[umbracoDeployChecksum]
(
	[entityType] ASC,
	[entityGuid] ASC,
	[entityPath] ASC
)WITH (PAD_INDEX = OFF, STATISTICS_NORECOMPUTE = OFF, SORT_IN_TEMPDB = OFF, IGNORE_DUP_KEY = OFF, DROP_EXISTING = OFF, ONLINE = OFF, ALLOW_ROW_LOCKS = ON, ALLOW_PAGE_LOCKS = ON)
GO
SET ANSI_PADDING ON

GO
CREATE UNIQUE NONCLUSTERED INDEX [IX_umbracoLanguage_languageISOCode] ON [dbo].[umbracoLanguage]
(
	[languageISOCode] ASC
)WITH (PAD_INDEX = OFF, STATISTICS_NORECOMPUTE = OFF, SORT_IN_TEMPDB = OFF, IGNORE_DUP_KEY = OFF, DROP_EXISTING = OFF, ONLINE = OFF, ALLOW_ROW_LOCKS = ON, ALLOW_PAGE_LOCKS = ON)
GO
CREATE NONCLUSTERED INDEX [IX_umbracoLog] ON [dbo].[umbracoLog]
(
	[NodeId] ASC
)WITH (PAD_INDEX = OFF, STATISTICS_NORECOMPUTE = OFF, SORT_IN_TEMPDB = OFF, DROP_EXISTING = OFF, ONLINE = OFF, ALLOW_ROW_LOCKS = ON, ALLOW_PAGE_LOCKS = ON)
GO
SET ANSI_PADDING ON

GO
CREATE UNIQUE NONCLUSTERED INDEX [IX_umbracoMigration] ON [dbo].[umbracoMigration]
(
	[name] ASC,
	[version] ASC
)WITH (PAD_INDEX = OFF, STATISTICS_NORECOMPUTE = OFF, SORT_IN_TEMPDB = OFF, IGNORE_DUP_KEY = OFF, DROP_EXISTING = OFF, ONLINE = OFF, ALLOW_ROW_LOCKS = ON, ALLOW_PAGE_LOCKS = ON)
GO
CREATE NONCLUSTERED INDEX [IX_umbracoNodeObjectType] ON [dbo].[umbracoNode]
(
	[nodeObjectType] ASC
)WITH (PAD_INDEX = OFF, STATISTICS_NORECOMPUTE = OFF, SORT_IN_TEMPDB = OFF, DROP_EXISTING = OFF, ONLINE = OFF, ALLOW_ROW_LOCKS = ON, ALLOW_PAGE_LOCKS = ON)
GO
CREATE NONCLUSTERED INDEX [IX_umbracoNodeParentId] ON [dbo].[umbracoNode]
(
	[parentID] ASC
)WITH (PAD_INDEX = OFF, STATISTICS_NORECOMPUTE = OFF, SORT_IN_TEMPDB = OFF, DROP_EXISTING = OFF, ONLINE = OFF, ALLOW_ROW_LOCKS = ON, ALLOW_PAGE_LOCKS = ON)
GO
CREATE NONCLUSTERED INDEX [IX_umbracoNodeTrashed] ON [dbo].[umbracoNode]
(
	[trashed] ASC
)WITH (PAD_INDEX = OFF, STATISTICS_NORECOMPUTE = OFF, SORT_IN_TEMPDB = OFF, DROP_EXISTING = OFF, ONLINE = OFF, ALLOW_ROW_LOCKS = ON, ALLOW_PAGE_LOCKS = ON)
GO
CREATE UNIQUE NONCLUSTERED INDEX [IX_umbracoNodeUniqueID] ON [dbo].[umbracoNode]
(
	[uniqueID] ASC
)WITH (PAD_INDEX = OFF, STATISTICS_NORECOMPUTE = OFF, SORT_IN_TEMPDB = OFF, IGNORE_DUP_KEY = OFF, DROP_EXISTING = OFF, ONLINE = OFF, ALLOW_ROW_LOCKS = ON, ALLOW_PAGE_LOCKS = ON)
GO
SET ANSI_PADDING ON

GO
CREATE UNIQUE NONCLUSTERED INDEX [IX_umbracoRedirectUrl] ON [dbo].[umbracoRedirectUrl]
(
	[urlHash] ASC,
	[contentKey] ASC,
	[createDateUtc] ASC
)WITH (PAD_INDEX = OFF, STATISTICS_NORECOMPUTE = OFF, SORT_IN_TEMPDB = OFF, IGNORE_DUP_KEY = OFF, DROP_EXISTING = OFF, ONLINE = OFF, ALLOW_ROW_LOCKS = ON, ALLOW_PAGE_LOCKS = ON)
GO
SET ANSI_PADDING ON

GO
CREATE UNIQUE NONCLUSTERED INDEX [IX_computerName] ON [dbo].[umbracoServer]
(
	[computerName] ASC
)WITH (PAD_INDEX = OFF, STATISTICS_NORECOMPUTE = OFF, SORT_IN_TEMPDB = OFF, IGNORE_DUP_KEY = OFF, DROP_EXISTING = OFF, ONLINE = OFF, ALLOW_ROW_LOCKS = ON, ALLOW_PAGE_LOCKS = ON)
GO
CREATE NONCLUSTERED INDEX [IX_umbracoServer_isActive] ON [dbo].[umbracoServer]
(
	[isActive] ASC
)WITH (PAD_INDEX = OFF, STATISTICS_NORECOMPUTE = OFF, SORT_IN_TEMPDB = OFF, DROP_EXISTING = OFF, ONLINE = OFF, ALLOW_ROW_LOCKS = ON, ALLOW_PAGE_LOCKS = ON)
GO
SET ANSI_PADDING ON

GO
CREATE NONCLUSTERED INDEX [IX_umbracoUser_userLogin] ON [dbo].[umbracoUser]
(
	[userLogin] ASC
)WITH (PAD_INDEX = OFF, STATISTICS_NORECOMPUTE = OFF, SORT_IN_TEMPDB = OFF, DROP_EXISTING = OFF, ONLINE = OFF, ALLOW_ROW_LOCKS = ON, ALLOW_PAGE_LOCKS = ON)
GO
ALTER TABLE [dbo].[cmsContent]  WITH CHECK ADD  CONSTRAINT [FK_cmsContent_cmsContentType_nodeId] FOREIGN KEY([contentType])
REFERENCES [dbo].[cmsContentType] ([nodeId])
GO
ALTER TABLE [dbo].[cmsContent] CHECK CONSTRAINT [FK_cmsContent_cmsContentType_nodeId]
GO
ALTER TABLE [dbo].[cmsContent]  WITH CHECK ADD  CONSTRAINT [FK_cmsContent_umbracoNode_id] FOREIGN KEY([nodeId])
REFERENCES [dbo].[umbracoNode] ([id])
GO
ALTER TABLE [dbo].[cmsContent] CHECK CONSTRAINT [FK_cmsContent_umbracoNode_id]
GO
ALTER TABLE [dbo].[cmsContentType]  WITH CHECK ADD  CONSTRAINT [FK_cmsContentType_umbracoNode_id] FOREIGN KEY([nodeId])
REFERENCES [dbo].[umbracoNode] ([id])
GO
ALTER TABLE [dbo].[cmsContentType] CHECK CONSTRAINT [FK_cmsContentType_umbracoNode_id]
GO
ALTER TABLE [dbo].[cmsContentType2ContentType]  WITH CHECK ADD  CONSTRAINT [FK_cmsContentType2ContentType_umbracoNode_child] FOREIGN KEY([childContentTypeId])
REFERENCES [dbo].[umbracoNode] ([id])
GO
ALTER TABLE [dbo].[cmsContentType2ContentType] CHECK CONSTRAINT [FK_cmsContentType2ContentType_umbracoNode_child]
GO
ALTER TABLE [dbo].[cmsContentType2ContentType]  WITH CHECK ADD  CONSTRAINT [FK_cmsContentType2ContentType_umbracoNode_parent] FOREIGN KEY([parentContentTypeId])
REFERENCES [dbo].[umbracoNode] ([id])
GO
ALTER TABLE [dbo].[cmsContentType2ContentType] CHECK CONSTRAINT [FK_cmsContentType2ContentType_umbracoNode_parent]
GO
ALTER TABLE [dbo].[cmsContentTypeAllowedContentType]  WITH CHECK ADD  CONSTRAINT [FK_cmsContentTypeAllowedContentType_cmsContentType] FOREIGN KEY([Id])
REFERENCES [dbo].[cmsContentType] ([nodeId])
GO
ALTER TABLE [dbo].[cmsContentTypeAllowedContentType] CHECK CONSTRAINT [FK_cmsContentTypeAllowedContentType_cmsContentType]
GO
ALTER TABLE [dbo].[cmsContentTypeAllowedContentType]  WITH CHECK ADD  CONSTRAINT [FK_cmsContentTypeAllowedContentType_cmsContentType1] FOREIGN KEY([AllowedId])
REFERENCES [dbo].[cmsContentType] ([nodeId])
GO
ALTER TABLE [dbo].[cmsContentTypeAllowedContentType] CHECK CONSTRAINT [FK_cmsContentTypeAllowedContentType_cmsContentType1]
GO
ALTER TABLE [dbo].[cmsContentVersion]  WITH CHECK ADD  CONSTRAINT [FK_cmsContentVersion_cmsContent_nodeId] FOREIGN KEY([ContentId])
REFERENCES [dbo].[cmsContent] ([nodeId])
GO
ALTER TABLE [dbo].[cmsContentVersion] CHECK CONSTRAINT [FK_cmsContentVersion_cmsContent_nodeId]
GO
ALTER TABLE [dbo].[cmsContentXml]  WITH CHECK ADD  CONSTRAINT [FK_cmsContentXml_cmsContent_nodeId] FOREIGN KEY([nodeId])
REFERENCES [dbo].[cmsContent] ([nodeId])
GO
ALTER TABLE [dbo].[cmsContentXml] CHECK CONSTRAINT [FK_cmsContentXml_cmsContent_nodeId]
GO
ALTER TABLE [dbo].[cmsDataType]  WITH CHECK ADD  CONSTRAINT [FK_cmsDataType_umbracoNode_id] FOREIGN KEY([nodeId])
REFERENCES [dbo].[umbracoNode] ([id])
GO
ALTER TABLE [dbo].[cmsDataType] CHECK CONSTRAINT [FK_cmsDataType_umbracoNode_id]
GO
ALTER TABLE [dbo].[cmsDataTypePreValues]  WITH CHECK ADD  CONSTRAINT [FK_cmsDataTypePreValues_cmsDataType_nodeId] FOREIGN KEY([datatypeNodeId])
REFERENCES [dbo].[cmsDataType] ([nodeId])
GO
ALTER TABLE [dbo].[cmsDataTypePreValues] CHECK CONSTRAINT [FK_cmsDataTypePreValues_cmsDataType_nodeId]
GO
ALTER TABLE [dbo].[cmsDictionary]  WITH CHECK ADD  CONSTRAINT [FK_cmsDictionary_cmsDictionary_id] FOREIGN KEY([parent])
REFERENCES [dbo].[cmsDictionary] ([id])
GO
ALTER TABLE [dbo].[cmsDictionary] CHECK CONSTRAINT [FK_cmsDictionary_cmsDictionary_id]
GO
ALTER TABLE [dbo].[cmsDocument]  WITH CHECK ADD  CONSTRAINT [FK_cmsDocument_cmsContent_nodeId] FOREIGN KEY([nodeId])
REFERENCES [dbo].[cmsContent] ([nodeId])
GO
ALTER TABLE [dbo].[cmsDocument] CHECK CONSTRAINT [FK_cmsDocument_cmsContent_nodeId]
GO
ALTER TABLE [dbo].[cmsDocument]  WITH CHECK ADD  CONSTRAINT [FK_cmsDocument_cmsTemplate_nodeId] FOREIGN KEY([templateId])
REFERENCES [dbo].[cmsTemplate] ([nodeId])
GO
ALTER TABLE [dbo].[cmsDocument] CHECK CONSTRAINT [FK_cmsDocument_cmsTemplate_nodeId]
GO
ALTER TABLE [dbo].[cmsDocument]  WITH CHECK ADD  CONSTRAINT [FK_cmsDocument_umbracoNode_id] FOREIGN KEY([nodeId])
REFERENCES [dbo].[umbracoNode] ([id])
GO
ALTER TABLE [dbo].[cmsDocument] CHECK CONSTRAINT [FK_cmsDocument_umbracoNode_id]
GO
ALTER TABLE [dbo].[cmsDocumentType]  WITH CHECK ADD  CONSTRAINT [FK_cmsDocumentType_cmsContentType_nodeId] FOREIGN KEY([contentTypeNodeId])
REFERENCES [dbo].[cmsContentType] ([nodeId])
GO
ALTER TABLE [dbo].[cmsDocumentType] CHECK CONSTRAINT [FK_cmsDocumentType_cmsContentType_nodeId]
GO
ALTER TABLE [dbo].[cmsDocumentType]  WITH CHECK ADD  CONSTRAINT [FK_cmsDocumentType_cmsTemplate_nodeId] FOREIGN KEY([templateNodeId])
REFERENCES [dbo].[cmsTemplate] ([nodeId])
GO
ALTER TABLE [dbo].[cmsDocumentType] CHECK CONSTRAINT [FK_cmsDocumentType_cmsTemplate_nodeId]
GO
ALTER TABLE [dbo].[cmsDocumentType]  WITH CHECK ADD  CONSTRAINT [FK_cmsDocumentType_umbracoNode_id] FOREIGN KEY([contentTypeNodeId])
REFERENCES [dbo].[umbracoNode] ([id])
GO
ALTER TABLE [dbo].[cmsDocumentType] CHECK CONSTRAINT [FK_cmsDocumentType_umbracoNode_id]
GO
ALTER TABLE [dbo].[cmsLanguageText]  WITH CHECK ADD  CONSTRAINT [FK_cmsLanguageText_cmsDictionary_id] FOREIGN KEY([UniqueId])
REFERENCES [dbo].[cmsDictionary] ([id])
GO
ALTER TABLE [dbo].[cmsLanguageText] CHECK CONSTRAINT [FK_cmsLanguageText_cmsDictionary_id]
GO
ALTER TABLE [dbo].[cmsLanguageText]  WITH CHECK ADD  CONSTRAINT [FK_cmsLanguageText_umbracoLanguage_id] FOREIGN KEY([languageId])
REFERENCES [dbo].[umbracoLanguage] ([id])
GO
ALTER TABLE [dbo].[cmsLanguageText] CHECK CONSTRAINT [FK_cmsLanguageText_umbracoLanguage_id]
GO
ALTER TABLE [dbo].[cmsMacroProperty]  WITH CHECK ADD  CONSTRAINT [FK_cmsMacroProperty_cmsMacro_id] FOREIGN KEY([macro])
REFERENCES [dbo].[cmsMacro] ([id])
GO
ALTER TABLE [dbo].[cmsMacroProperty] CHECK CONSTRAINT [FK_cmsMacroProperty_cmsMacro_id]
GO
ALTER TABLE [dbo].[cmsMember]  WITH CHECK ADD  CONSTRAINT [FK_cmsMember_cmsContent_nodeId] FOREIGN KEY([nodeId])
REFERENCES [dbo].[cmsContent] ([nodeId])
GO
ALTER TABLE [dbo].[cmsMember] CHECK CONSTRAINT [FK_cmsMember_cmsContent_nodeId]
GO
ALTER TABLE [dbo].[cmsMember]  WITH CHECK ADD  CONSTRAINT [FK_cmsMember_umbracoNode_id] FOREIGN KEY([nodeId])
REFERENCES [dbo].[umbracoNode] ([id])
GO
ALTER TABLE [dbo].[cmsMember] CHECK CONSTRAINT [FK_cmsMember_umbracoNode_id]
GO
ALTER TABLE [dbo].[cmsMember2MemberGroup]  WITH CHECK ADD  CONSTRAINT [FK_cmsMember2MemberGroup_cmsMember_nodeId] FOREIGN KEY([Member])
REFERENCES [dbo].[cmsMember] ([nodeId])
GO
ALTER TABLE [dbo].[cmsMember2MemberGroup] CHECK CONSTRAINT [FK_cmsMember2MemberGroup_cmsMember_nodeId]
GO
ALTER TABLE [dbo].[cmsMember2MemberGroup]  WITH CHECK ADD  CONSTRAINT [FK_cmsMember2MemberGroup_umbracoNode_id] FOREIGN KEY([MemberGroup])
REFERENCES [dbo].[umbracoNode] ([id])
GO
ALTER TABLE [dbo].[cmsMember2MemberGroup] CHECK CONSTRAINT [FK_cmsMember2MemberGroup_umbracoNode_id]
GO
ALTER TABLE [dbo].[cmsMemberType]  WITH CHECK ADD  CONSTRAINT [FK_cmsMemberType_cmsContentType_nodeId] FOREIGN KEY([NodeId])
REFERENCES [dbo].[cmsContentType] ([nodeId])
GO
ALTER TABLE [dbo].[cmsMemberType] CHECK CONSTRAINT [FK_cmsMemberType_cmsContentType_nodeId]
GO
ALTER TABLE [dbo].[cmsMemberType]  WITH CHECK ADD  CONSTRAINT [FK_cmsMemberType_umbracoNode_id] FOREIGN KEY([NodeId])
REFERENCES [dbo].[umbracoNode] ([id])
GO
ALTER TABLE [dbo].[cmsMemberType] CHECK CONSTRAINT [FK_cmsMemberType_umbracoNode_id]
GO
ALTER TABLE [dbo].[cmsPreviewXml]  WITH CHECK ADD  CONSTRAINT [FK_cmsPreviewXml_cmsContent_nodeId] FOREIGN KEY([nodeId])
REFERENCES [dbo].[cmsContent] ([nodeId])
GO
ALTER TABLE [dbo].[cmsPreviewXml] CHECK CONSTRAINT [FK_cmsPreviewXml_cmsContent_nodeId]
GO
ALTER TABLE [dbo].[cmsPreviewXml]  WITH CHECK ADD  CONSTRAINT [FK_cmsPreviewXml_cmsContentVersion_VersionId] FOREIGN KEY([versionId])
REFERENCES [dbo].[cmsContentVersion] ([VersionId])
GO
ALTER TABLE [dbo].[cmsPreviewXml] CHECK CONSTRAINT [FK_cmsPreviewXml_cmsContentVersion_VersionId]
GO
ALTER TABLE [dbo].[cmsPropertyData]  WITH CHECK ADD  CONSTRAINT [FK_cmsPropertyData_cmsPropertyType_id] FOREIGN KEY([propertytypeid])
REFERENCES [dbo].[cmsPropertyType] ([id])
GO
ALTER TABLE [dbo].[cmsPropertyData] CHECK CONSTRAINT [FK_cmsPropertyData_cmsPropertyType_id]
GO
ALTER TABLE [dbo].[cmsPropertyData]  WITH CHECK ADD  CONSTRAINT [FK_cmsPropertyData_umbracoNode_id] FOREIGN KEY([contentNodeId])
REFERENCES [dbo].[umbracoNode] ([id])
GO
ALTER TABLE [dbo].[cmsPropertyData] CHECK CONSTRAINT [FK_cmsPropertyData_umbracoNode_id]
GO
ALTER TABLE [dbo].[cmsPropertyType]  WITH CHECK ADD  CONSTRAINT [FK_cmsPropertyType_cmsContentType_nodeId] FOREIGN KEY([contentTypeId])
REFERENCES [dbo].[cmsContentType] ([nodeId])
GO
ALTER TABLE [dbo].[cmsPropertyType] CHECK CONSTRAINT [FK_cmsPropertyType_cmsContentType_nodeId]
GO
ALTER TABLE [dbo].[cmsPropertyType]  WITH CHECK ADD  CONSTRAINT [FK_cmsPropertyType_cmsDataType_nodeId] FOREIGN KEY([dataTypeId])
REFERENCES [dbo].[cmsDataType] ([nodeId])
GO
ALTER TABLE [dbo].[cmsPropertyType] CHECK CONSTRAINT [FK_cmsPropertyType_cmsDataType_nodeId]
GO
ALTER TABLE [dbo].[cmsPropertyType]  WITH CHECK ADD  CONSTRAINT [FK_cmsPropertyType_cmsPropertyTypeGroup_id] FOREIGN KEY([propertyTypeGroupId])
REFERENCES [dbo].[cmsPropertyTypeGroup] ([id])
GO
ALTER TABLE [dbo].[cmsPropertyType] CHECK CONSTRAINT [FK_cmsPropertyType_cmsPropertyTypeGroup_id]
GO
ALTER TABLE [dbo].[cmsPropertyTypeGroup]  WITH CHECK ADD  CONSTRAINT [FK_cmsPropertyTypeGroup_cmsContentType_nodeId] FOREIGN KEY([contenttypeNodeId])
REFERENCES [dbo].[cmsContentType] ([nodeId])
GO
ALTER TABLE [dbo].[cmsPropertyTypeGroup] CHECK CONSTRAINT [FK_cmsPropertyTypeGroup_cmsContentType_nodeId]
GO
ALTER TABLE [dbo].[cmsTagRelationship]  WITH CHECK ADD  CONSTRAINT [FK_cmsTagRelationship_cmsContent] FOREIGN KEY([nodeId])
REFERENCES [dbo].[cmsContent] ([nodeId])
GO
ALTER TABLE [dbo].[cmsTagRelationship] CHECK CONSTRAINT [FK_cmsTagRelationship_cmsContent]
GO
ALTER TABLE [dbo].[cmsTagRelationship]  WITH CHECK ADD  CONSTRAINT [FK_cmsTagRelationship_cmsPropertyType] FOREIGN KEY([propertyTypeId])
REFERENCES [dbo].[cmsPropertyType] ([id])
GO
ALTER TABLE [dbo].[cmsTagRelationship] CHECK CONSTRAINT [FK_cmsTagRelationship_cmsPropertyType]
GO
ALTER TABLE [dbo].[cmsTagRelationship]  WITH CHECK ADD  CONSTRAINT [FK_cmsTagRelationship_cmsTags_id] FOREIGN KEY([tagId])
REFERENCES [dbo].[cmsTags] ([id])
GO
ALTER TABLE [dbo].[cmsTagRelationship] CHECK CONSTRAINT [FK_cmsTagRelationship_cmsTags_id]
GO
ALTER TABLE [dbo].[cmsTags]  WITH CHECK ADD  CONSTRAINT [FK_cmsTags_cmsTags] FOREIGN KEY([ParentId])
REFERENCES [dbo].[cmsTags] ([id])
GO
ALTER TABLE [dbo].[cmsTags] CHECK CONSTRAINT [FK_cmsTags_cmsTags]
GO
ALTER TABLE [dbo].[cmsTask]  WITH CHECK ADD  CONSTRAINT [FK_cmsTask_cmsTaskType_id] FOREIGN KEY([taskTypeId])
REFERENCES [dbo].[cmsTaskType] ([id])
GO
ALTER TABLE [dbo].[cmsTask] CHECK CONSTRAINT [FK_cmsTask_cmsTaskType_id]
GO
ALTER TABLE [dbo].[cmsTask]  WITH CHECK ADD  CONSTRAINT [FK_cmsTask_umbracoNode_id] FOREIGN KEY([nodeId])
REFERENCES [dbo].[umbracoNode] ([id])
GO
ALTER TABLE [dbo].[cmsTask] CHECK CONSTRAINT [FK_cmsTask_umbracoNode_id]
GO
ALTER TABLE [dbo].[cmsTask]  WITH CHECK ADD  CONSTRAINT [FK_cmsTask_umbracoUser] FOREIGN KEY([parentUserId])
REFERENCES [dbo].[umbracoUser] ([id])
GO
ALTER TABLE [dbo].[cmsTask] CHECK CONSTRAINT [FK_cmsTask_umbracoUser]
GO
ALTER TABLE [dbo].[cmsTask]  WITH CHECK ADD  CONSTRAINT [FK_cmsTask_umbracoUser1] FOREIGN KEY([userId])
REFERENCES [dbo].[umbracoUser] ([id])
GO
ALTER TABLE [dbo].[cmsTask] CHECK CONSTRAINT [FK_cmsTask_umbracoUser1]
GO
ALTER TABLE [dbo].[cmsTemplate]  WITH CHECK ADD  CONSTRAINT [FK_cmsTemplate_umbracoNode] FOREIGN KEY([nodeId])
REFERENCES [dbo].[umbracoNode] ([id])
GO
ALTER TABLE [dbo].[cmsTemplate] CHECK CONSTRAINT [FK_cmsTemplate_umbracoNode]
GO
ALTER TABLE [dbo].[umbracoAccess]  WITH CHECK ADD  CONSTRAINT [FK_umbracoAccess_umbracoNode_id] FOREIGN KEY([nodeId])
REFERENCES [dbo].[umbracoNode] ([id])
GO
ALTER TABLE [dbo].[umbracoAccess] CHECK CONSTRAINT [FK_umbracoAccess_umbracoNode_id]
GO
ALTER TABLE [dbo].[umbracoAccess]  WITH CHECK ADD  CONSTRAINT [FK_umbracoAccess_umbracoNode_id1] FOREIGN KEY([loginNodeId])
REFERENCES [dbo].[umbracoNode] ([id])
GO
ALTER TABLE [dbo].[umbracoAccess] CHECK CONSTRAINT [FK_umbracoAccess_umbracoNode_id1]
GO
ALTER TABLE [dbo].[umbracoAccess]  WITH CHECK ADD  CONSTRAINT [FK_umbracoAccess_umbracoNode_id2] FOREIGN KEY([noAccessNodeId])
REFERENCES [dbo].[umbracoNode] ([id])
GO
ALTER TABLE [dbo].[umbracoAccess] CHECK CONSTRAINT [FK_umbracoAccess_umbracoNode_id2]
GO
ALTER TABLE [dbo].[umbracoAccessRule]  WITH CHECK ADD  CONSTRAINT [FK_umbracoAccessRule_umbracoAccess_id] FOREIGN KEY([accessId])
REFERENCES [dbo].[umbracoAccess] ([id])
GO
ALTER TABLE [dbo].[umbracoAccessRule] CHECK CONSTRAINT [FK_umbracoAccessRule_umbracoAccess_id]
GO
ALTER TABLE [dbo].[umbracoDeployDependency]  WITH CHECK ADD  CONSTRAINT [FK_umbracoDeployDependency_umbracoDeployChecksum_id1] FOREIGN KEY([sourceId])
REFERENCES [dbo].[umbracoDeployChecksum] ([id])
GO
ALTER TABLE [dbo].[umbracoDeployDependency] CHECK CONSTRAINT [FK_umbracoDeployDependency_umbracoDeployChecksum_id1]
GO
ALTER TABLE [dbo].[umbracoDeployDependency]  WITH CHECK ADD  CONSTRAINT [FK_umbracoDeployDependency_umbracoDeployChecksum_id2] FOREIGN KEY([targetId])
REFERENCES [dbo].[umbracoDeployChecksum] ([id])
GO
ALTER TABLE [dbo].[umbracoDeployDependency] CHECK CONSTRAINT [FK_umbracoDeployDependency_umbracoDeployChecksum_id2]
GO
ALTER TABLE [dbo].[umbracoDomains]  WITH CHECK ADD  CONSTRAINT [FK_umbracoDomains_umbracoNode_id] FOREIGN KEY([domainRootStructureID])
REFERENCES [dbo].[umbracoNode] ([id])
GO
ALTER TABLE [dbo].[umbracoDomains] CHECK CONSTRAINT [FK_umbracoDomains_umbracoNode_id]
GO
ALTER TABLE [dbo].[umbracoNode]  WITH CHECK ADD  CONSTRAINT [FK_umbracoNode_umbracoNode_id] FOREIGN KEY([parentID])
REFERENCES [dbo].[umbracoNode] ([id])
GO
ALTER TABLE [dbo].[umbracoNode] CHECK CONSTRAINT [FK_umbracoNode_umbracoNode_id]
GO
ALTER TABLE [dbo].[umbracoRedirectUrl]  WITH CHECK ADD  CONSTRAINT [FK_umbracoRedirectUrl_umbracoNode_uniqueID] FOREIGN KEY([contentKey])
REFERENCES [dbo].[umbracoNode] ([uniqueID])
GO
ALTER TABLE [dbo].[umbracoRedirectUrl] CHECK CONSTRAINT [FK_umbracoRedirectUrl_umbracoNode_uniqueID]
GO
ALTER TABLE [dbo].[umbracoRelation]  WITH CHECK ADD  CONSTRAINT [FK_umbracoRelation_umbracoNode] FOREIGN KEY([parentId])
REFERENCES [dbo].[umbracoNode] ([id])
GO
ALTER TABLE [dbo].[umbracoRelation] CHECK CONSTRAINT [FK_umbracoRelation_umbracoNode]
GO
ALTER TABLE [dbo].[umbracoRelation]  WITH CHECK ADD  CONSTRAINT [FK_umbracoRelation_umbracoNode1] FOREIGN KEY([childId])
REFERENCES [dbo].[umbracoNode] ([id])
GO
ALTER TABLE [dbo].[umbracoRelation] CHECK CONSTRAINT [FK_umbracoRelation_umbracoNode1]
GO
ALTER TABLE [dbo].[umbracoRelation]  WITH CHECK ADD  CONSTRAINT [FK_umbracoRelation_umbracoRelationType_id] FOREIGN KEY([relType])
REFERENCES [dbo].[umbracoRelationType] ([id])
GO
ALTER TABLE [dbo].[umbracoRelation] CHECK CONSTRAINT [FK_umbracoRelation_umbracoRelationType_id]
GO
ALTER TABLE [dbo].[umbracoUser]  WITH CHECK ADD  CONSTRAINT [FK_umbracoUser_umbracoUserType_id] FOREIGN KEY([userType])
REFERENCES [dbo].[umbracoUserType] ([id])
GO
ALTER TABLE [dbo].[umbracoUser] CHECK CONSTRAINT [FK_umbracoUser_umbracoUserType_id]
GO
ALTER TABLE [dbo].[umbracoUser2app]  WITH CHECK ADD  CONSTRAINT [FK_umbracoUser2app_umbracoUser_id] FOREIGN KEY([user])
REFERENCES [dbo].[umbracoUser] ([id])
GO
ALTER TABLE [dbo].[umbracoUser2app] CHECK CONSTRAINT [FK_umbracoUser2app_umbracoUser_id]
GO
ALTER TABLE [dbo].[umbracoUser2NodeNotify]  WITH CHECK ADD  CONSTRAINT [FK_umbracoUser2NodeNotify_umbracoNode_id] FOREIGN KEY([nodeId])
REFERENCES [dbo].[umbracoNode] ([id])
GO
ALTER TABLE [dbo].[umbracoUser2NodeNotify] CHECK CONSTRAINT [FK_umbracoUser2NodeNotify_umbracoNode_id]
GO
ALTER TABLE [dbo].[umbracoUser2NodeNotify]  WITH CHECK ADD  CONSTRAINT [FK_umbracoUser2NodeNotify_umbracoUser_id] FOREIGN KEY([userId])
REFERENCES [dbo].[umbracoUser] ([id])
GO
ALTER TABLE [dbo].[umbracoUser2NodeNotify] CHECK CONSTRAINT [FK_umbracoUser2NodeNotify_umbracoUser_id]
GO
ALTER TABLE [dbo].[umbracoUser2NodePermission]  WITH CHECK ADD  CONSTRAINT [FK_umbracoUser2NodePermission_umbracoNode_id] FOREIGN KEY([nodeId])
REFERENCES [dbo].[umbracoNode] ([id])
GO
ALTER TABLE [dbo].[umbracoUser2NodePermission] CHECK CONSTRAINT [FK_umbracoUser2NodePermission_umbracoNode_id]
GO
ALTER TABLE [dbo].[umbracoUser2NodePermission]  WITH CHECK ADD  CONSTRAINT [FK_umbracoUser2NodePermission_umbracoUser_id] FOREIGN KEY([userId])
REFERENCES [dbo].[umbracoUser] ([id])
GO
ALTER TABLE [dbo].[umbracoUser2NodePermission] CHECK CONSTRAINT [FK_umbracoUser2NodePermission_umbracoUser_id]
GO
